1,Halley,Mardell,hmardell0@tinyurl.com,Female,21.95.33.209
2,Katey,Hanlon,khanlon1@columbia.edu,Female,222.6.185.186
3,Nikolaos,Brownsell,nbrownsell2@sun.com,Male,244.87.35.188
4,Dall,Meenan,dmeenan3@un.org,Male,111.199.164.201
5,Gregorio,Broadfield,gbroadfield4@vimeo.com,Male,12.168.118.68
6,Tadeas,Isakovitch,tisakovitch5@php.net,Male,221.171.56.254
7,Sunny,Bosley,sbosley6@4shared.com,Female,187.215.111.125
8,Clem,Tolputt,ctolputt7@arizona.edu,Male,3.63.191.74
9,Peter,Reicherz,preicherz8@abc.net.au,Male,215.123.255.209
10,Eileen,Hoyland,ehoyland9@cbc.ca,Female,8.5.52.127
11,Marina,Furmagier,mfurmagiera@discovery.com,Female,65.193.250.104
12,Micheal,Conti,mcontib@github.io,Male,61.28.131.55
13,Bob,Tagg,btaggc@drupal.org,Male,99.53.149.237
14,Blair,Tappor,btappord@dyndns.org,Female,1.164.61.158
15,Odette,Nutbeem,onutbeeme@printfriendly.com,Female,171.104.219.58
16,Findlay,Gronauer,fgronauerf@liveinternet.ru,Male,143.57.158.148
17,Adi,Klimas,aklimasg@cbc.ca,Female,19.150.13.128
18,Sonny,Barthod,sbarthodh@patch.com,Male,8.156.194.131
19,Marijo,Scarsbrooke,mscarsbrookei@wordpress.com,Female,23.201.174.123
20,Breanne,Harradence,bharradencej@php.net,Female,59.241.36.18
21,Tillie,O'Connell,toconnellk@e-recht24.de,Female,119.97.227.194
22,Rainer,Butrimovich,rbutrimovichl@ameblo.jp,Male,113.157.147.14
23,Dante,Jales,djalesm@unblog.fr,Male,120.8.112.64
24,Isador,Auden,iaudenn@ycombinator.com,Male,217.7.250.147
25,Claudette,Kerne,ckerneo@infoseek.co.jp,Female,175.167.76.75
26,Lucilia,Izakovitz,lizakovitzp@npr.org,Female,140.61.185.207
27,Shannen,Ludee,sludeeq@berkeley.edu,Female,91.227.158.81
28,Luigi,Hadfield,lhadfieldr@google.co.uk,Male,88.0.135.241
29,Winonah,Shenley,wshenleys@bloglines.com,Female,222.219.225.245
30,Lindsey,Hirth,lhirtht@discuz.net,Female,224.23.80.165
31,Benedick,Spraging,bspragingu@tamu.edu,Male,3.161.168.202
32,Lyndsie,Battrick,lbattrickv@ucoz.com,Female,205.174.254.157
33,Ephraim,Orth,eorthw@dot.gov,Male,155.194.37.205
34,Tarrance,Cumo,tcumox@opera.com,Male,242.22.251.94
35,Francisca,De Gogay,fdegogayy@washington.edu,Female,69.59.95.175
36,Kalli,Muddimer,kmuddimerz@nasa.gov,Female,159.189.158.26
37,Janey,Martinot,jmartinot10@sina.com.cn,Female,16.165.95.8
38,Les,Stanyon,lstanyon11@trellian.com,Male,76.211.166.233
39,Ardith,MacKeeg,amackeeg12@apache.org,Female,163.231.207.69
40,Dorella,Baythrop,dbaythrop13@shinystat.com,Female,51.211.162.53
41,Whitaker,Ouldcott,wouldcott14@mac.com,Male,232.104.64.32
42,Arlie,Brittain,abrittain15@booking.com,Female,82.248.171.109
43,Latrina,Lodin,llodin16@biglobe.ne.jp,Female,72.1.241.65
44,Ahmed,Anker,aanker17@about.me,Male,103.145.111.166
45,Gasper,O'Shields,goshields18@mit.edu,Male,176.82.160.38
46,Gabie,Thomazet,gthomazet19@aboutads.info,Male,157.123.4.250
47,Jayne,Powles,jpowles1a@hp.com,Female,146.200.196.201
48,Karisa,Mangeot,kmangeot1b@list-manage.com,Female,196.102.31.110
49,Lloyd,Elcott,lelcott1c@lulu.com,Male,54.68.221.74
50,Reube,Roads,rroads1d@stumbleupon.com,Male,226.138.118.249
51,Marji,Pierpoint,mpierpoint1e@icio.us,Female,135.58.116.45
52,Derick,Olivetta,dolivetta1f@mozilla.org,Male,137.70.171.216
53,Temp,Willcocks,twillcocks1g@tumblr.com,Male,233.254.156.162
54,Zorina,Hendriksen,zhendriksen1h@jalbum.net,Female,109.117.177.245
55,Erhard,Pyner,epyner1i@ftc.gov,Male,116.169.89.219
56,Davon,Tunna,dtunna1j@issuu.com,Male,208.218.107.194
57,Charyl,Deerr,cdeerr1k@imdb.com,Female,160.112.94.104
58,Selina,Moralis,smoralis1l@yale.edu,Female,159.248.208.9
59,Radcliffe,Clemow,rclemow1m@dion.ne.jp,Male,48.71.51.251
60,Cristian,Fardoe,cfardoe1n@aboutads.info,Male,37.180.98.226
61,Avictor,Sugarman,asugarman1o@un.org,Male,107.173.131.114
62,Bartholemy,Bullier,bbullier1p@businesswire.com,Male,115.107.79.241
63,Linus,Waddingham,lwaddingham1q@tiny.cc,Male,48.227.232.119
64,Colas,Eastcott,ceastcott1r@soundcloud.com,Male,132.23.53.214
65,Roberto,Huleatt,rhuleatt1s@stumbleupon.com,Male,159.110.179.97
66,Selene,Ell,sell1t@people.com.cn,Female,185.73.100.202
67,Emlyn,Moehler,emoehler1u@privacy.gov.au,Female,12.144.202.189
68,Maxwell,Petrolli,mpetrolli1v@shinystat.com,Male,200.121.205.108
69,Staffard,Thaxton,sthaxton1w@paginegialle.it,Male,152.1.140.95
70,Jaymee,Peak,jpeak1x@nih.gov,Female,74.212.215.129
71,Norma,Parkeson,nparkeson1y@amazon.co.jp,Female,108.40.211.114
72,Francene,Ravel,fravel1z@yandex.ru,Female,157.233.203.75
73,Tildie,Skipworth,tskipworth20@narod.ru,Female,177.204.106.79
74,Fernando,Verheyden,fverheyden21@xinhuanet.com,Male,73.234.58.141
75,Appolonia,Gurley,agurley22@amazonaws.com,Female,8.239.248.227
76,Arabela,Rowler,arowler23@php.net,Female,75.127.163.15
77,Hadley,Ege,hege24@symantec.com,Male,135.46.228.145
78,Enriqueta,Rowcliffe,erowcliffe25@github.com,Female,142.132.37.84
79,Arvy,Dell,adell26@bluehost.com,Male,76.30.254.254
80,Ashlin,Malthouse,amalthouse27@skype.com,Male,125.186.204.183
81,Marcelle,Town,mtown28@surveymonkey.com,Female,154.18.219.247
82,Russ,Cloney,rcloney29@statcounter.com,Male,9.94.41.185
83,Patty,Avrashin,pavrashin2a@prnewswire.com,Female,166.10.215.169
84,Berte,Manston,bmanston2b@drupal.org,Female,190.229.125.122
85,Cleon,Collinge,ccollinge2c@discuz.net,Male,67.103.107.102
86,Eduard,Dziwisz,edziwisz2d@dyndns.org,Male,194.122.254.41
87,Samantha,Kellough,skellough2e@aboutads.info,Female,221.24.201.127
88,Cece,Wickendon,cwickendon2f@cornell.edu,Male,245.126.0.54
89,Wain,Ilyinykh,wilyinykh2g@sphinn.com,Male,239.193.1.172
90,Helen,Gaspero,hgaspero2h@furl.net,Female,179.61.187.232
91,Giustino,Wint,gwint2i@symantec.com,Male,53.148.204.247
92,Riley,Seed,rseed2j@tumblr.com,Male,92.110.182.168
93,Gustave,Tann,gtann2k@tripod.com,Male,227.204.239.170
94,Britte,Althrop,balthrop2l@godaddy.com,Female,66.147.89.254
95,Jenda,Bastock,jbastock2m@booking.com,Female,79.100.108.229
96,Terrance,Aviss,taviss2n@google.de,Male,62.255.19.69
97,Sammie,Loughan,sloughan2o@adobe.com,Male,141.173.123.241
98,Sayres,Whipp,swhipp2p@answers.com,Male,165.11.26.218
99,Doreen,Mears,dmears2q@youtu.be,Female,156.130.170.211
100,Em,Ledington,eledington2r@so-net.ne.jp,Male,172.216.185.36
101,Ariel,Kemball,akemball2s@sbwire.com,Female,192.21.229.150
102,Ruddie,Janse,rjanse2t@ucla.edu,Male,204.103.16.218
103,Shadow,Minshaw,sminshaw2u@mtv.com,Male,128.177.103.115
104,Towney,Asman,tasman2v@exblog.jp,Male,167.62.116.184
105,Morry,Clinton,mclinton2w@deviantart.com,Male,70.249.135.254
106,Molly,Ritchman,mritchman2x@answers.com,Female,123.73.188.183
107,Adelind,McAdam,amcadam2y@telegraph.co.uk,Female,112.19.22.218
108,Nathanil,Flipek,nflipek2z@1und1.de,Male,174.213.202.243
109,Yevette,Casserley,ycasserley30@linkedin.com,Female,162.239.201.91
110,Amalia,Cervantes,acervantes31@samsung.com,Female,122.174.190.160
111,Hale,Avramovic,havramovic32@zdnet.com,Male,99.121.81.148
112,Bernadene,Konzelmann,bkonzelmann33@thetimes.co.uk,Female,2.143.238.151
113,Trix,Berens,tberens34@about.com,Female,134.43.188.72
114,Bern,Castagneri,bcastagneri35@apache.org,Male,17.88.90.224
115,Susy,Krelle,skrelle36@ning.com,Female,78.123.242.243
116,Bernette,Trillo,btrillo37@google.es,Female,73.159.243.236
117,Gradeigh,Barnson,gbarnson38@yellowpages.com,Male,209.111.18.67
118,Marley,Bitchener,mbitchener39@loc.gov,Female,212.119.77.214
119,Elke,Schiefersten,eschiefersten3a@rambler.ru,Female,179.120.190.114
120,Hertha,Valsler,hvalsler3b@wordpress.org,Female,49.106.190.156
121,Agneta,Walkley,awalkley3c@wisc.edu,Female,52.46.211.70
122,Gavin,Darben,gdarben3d@techcrunch.com,Male,125.111.190.20
123,Terese,Baudet,tbaudet3e@amazon.co.jp,Female,15.49.70.39
124,Corabelle,Crasford,ccrasford3f@cdbaby.com,Female,223.62.90.45
125,Antonina,Rubel,arubel3g@walmart.com,Female,215.171.31.183
126,Maddy,Spitell,mspitell3h@godaddy.com,Female,75.29.180.176
127,Garnet,Cunniffe,gcunniffe3i@tuttocitta.it,Female,100.101.206.47
128,Seamus,MacGillicuddy,smacgillicuddy3j@nydailynews.com,Male,107.228.163.144
129,Lynea,McGeoch,lmcgeoch3k@seesaa.net,Female,197.13.8.170
130,Arnoldo,Getsham,agetsham3l@tinyurl.com,Male,184.239.213.18
131,Vaclav,Livick,vlivick3m@etsy.com,Male,185.200.4.75
132,Davon,Ors,dors3n@hatena.ne.jp,Male,208.24.195.217
133,Tabbi,Appleton,tappleton3o@dyndns.org,Female,48.184.47.105
134,Drusi,Espinas,despinas3p@senate.gov,Female,221.34.198.21
135,Ethan,Nappin,enappin3q@skype.com,Male,1.67.81.59
136,Clyve,Sooley,csooley3r@lulu.com,Male,181.249.39.107
137,Alejandra,Willoughley,awilloughley3s@paypal.com,Female,217.236.109.118
138,Janela,Durward,jdurward3t@time.com,Female,71.63.34.9
139,Farica,Bloys,fbloys3u@twitpic.com,Female,114.24.222.183
140,Rutger,Withey,rwithey3v@slideshare.net,Male,116.5.100.119
141,Duff,Easby,deasby3w@reddit.com,Male,133.99.66.208
142,Hagen,Tace,htace3x@cbc.ca,Male,180.74.245.130
143,Leonidas,Anderer,landerer3y@ameblo.jp,Male,103.247.193.96
144,Nicolai,Cockney,ncockney3z@amazon.de,Male,189.22.79.183
145,Karola,Grahlmans,kgrahlmans40@fastcompany.com,Female,11.157.216.29
146,Hagan,Habeshaw,hhabeshaw41@theglobeandmail.com,Male,151.48.147.20
147,Bron,McClenaghan,bmcclenaghan42@acquirethisname.com,Male,157.99.75.24
148,Virgina,Huyge,vhuyge43@apache.org,Female,151.227.167.184
149,Hali,Tayloe,htayloe44@nba.com,Female,100.16.217.169
150,Willem,Moukes,wmoukes45@ucoz.com,Male,74.58.12.211
151,Deanna,Bettleson,dbettleson46@list-manage.com,Female,141.81.106.81
152,Cesar,Yuranovev,cyuranovev47@exblog.jp,Male,176.152.219.39
153,Domingo,Kondratovich,dkondratovich48@telegraph.co.uk,Male,98.203.132.117
154,Esme,Moorhouse,emoorhouse49@fc2.com,Female,184.223.189.96
155,Chance,Oven,coven4a@ifeng.com,Male,46.227.171.139
156,Ethe,Altoft,ealtoft4b@sakura.ne.jp,Male,176.187.5.106
157,Athene,Crossdale,acrossdale4c@ibm.com,Female,24.150.164.135
158,Livia,Boni,lboni4d@sciencedirect.com,Female,42.120.204.109
159,Willis,Dalgardno,wdalgardno4e@sfgate.com,Male,162.17.250.78
160,Wynn,Tibbotts,wtibbotts4f@elegantthemes.com,Female,60.164.121.112
161,Cary,Keates,ckeates4g@narod.ru,Male,230.180.49.90
162,Hannie,Croley,hcroley4h@live.com,Female,93.245.154.139
163,Silvano,Stefanovic,sstefanovic4i@sciencedaily.com,Male,59.124.154.76
164,Cosmo,Sircombe,csircombe4j@elpais.com,Male,6.252.21.110
165,Terencio,Szwandt,tszwandt4k@weather.com,Male,87.137.118.149
166,Rikki,Lucia,rlucia4l@upenn.edu,Male,234.0.78.230
167,Edyth,Valasek,evalasek4m@histats.com,Female,31.12.194.57
168,Petronella,Sikora,psikora4n@businesswire.com,Female,209.14.64.209
169,Oliy,Jedrysik,ojedrysik4o@cnbc.com,Female,163.73.45.33
170,Philis,Thebe,pthebe4p@aboutads.info,Female,222.180.42.88
171,Martguerita,Keenleyside,mkeenleyside4q@tiny.cc,Female,210.133.86.236
172,Leonidas,Ternott,lternott4r@tiny.cc,Male,109.198.22.114
173,Amelita,Harle,aharle4s@macromedia.com,Female,16.102.181.228
174,Morrie,Gager,mgager4t@adobe.com,Male,139.64.212.244
175,Corina,Yellowlees,cyellowlees4u@last.fm,Female,103.248.187.208
176,Dena,Barrs,dbarrs4v@technorati.com,Female,87.129.104.165
177,Harli,Brade,hbrade4w@statcounter.com,Female,30.77.107.226
178,Wallis,Feely,wfeely4x@nasa.gov,Female,250.101.110.164
179,Juliana,Garvan,jgarvan4y@seesaa.net,Female,196.156.78.124
180,Kele,Alvy,kalvy4z@netlog.com,Male,171.103.26.209
181,Barney,Boshell,bboshell50@istockphoto.com,Male,200.61.213.140
182,Shelagh,Sheard,ssheard51@ning.com,Female,46.197.243.147
183,Patricio,Grishankov,pgrishankov52@comsenz.com,Male,55.216.181.77
184,Darb,Scutcheon,dscutcheon53@e-recht24.de,Female,82.94.32.92
185,Frankie,Rivenzon,frivenzon54@hibu.com,Female,165.253.78.108
186,Whitby,Ancell,wancell55@state.gov,Male,253.114.219.178
187,Pepe,Mannion,pmannion56@independent.co.uk,Male,228.18.58.50
188,Woodman,Ivanshintsev,wivanshintsev57@guardian.co.uk,Male,213.171.138.182
189,Milo,Fabbri,mfabbri58@g.co,Male,228.84.241.233
190,Osmund,Jarvie,ojarvie59@taobao.com,Male,240.238.41.115
191,Otes,Andrei,oandrei5a@mlb.com,Male,160.26.80.74
192,Kaleena,Cohn,kcohn5b@51.la,Female,236.255.193.197
193,Sanderson,Rodden,srodden5c@bravesites.com,Male,124.171.117.112
194,Addison,Lindberg,alindberg5d@oracle.com,Male,92.140.125.54
195,Wally,Frowing,wfrowing5e@ucoz.com,Male,134.154.120.231
196,Myrtle,Andryunin,mandryunin5f@craigslist.org,Female,168.244.206.191
197,Nowell,Strand,nstrand5g@sfgate.com,Male,11.121.199.129
198,Dallis,Climson,dclimson5h@nba.com,Male,46.8.186.107
199,Felecia,Beelby,fbeelby5i@smh.com.au,Female,38.39.244.212
200,Dyanne,Corah,dcorah5j@illinois.edu,Female,184.224.176.202
201,Maryanne,Pattullo,mpattullo5k@godaddy.com,Female,131.95.153.154
202,Emmalyn,Fitzsimon,efitzsimon5l@mapquest.com,Female,133.222.108.108
203,Rollins,Crolly,rcrolly5m@army.mil,Male,34.192.229.218
204,Leonhard,MacCallister,lmaccallister5n@example.com,Male,149.97.33.188
205,Mariquilla,Swatman,mswatman5o@purevolume.com,Female,120.43.171.19
206,Daniela,Cheesman,dcheesman5p@newsvine.com,Female,32.24.35.98
207,Mina,Gowans,mgowans5q@google.de,Female,197.183.147.67
208,Wit,Ritchings,writchings5r@smh.com.au,Male,167.98.79.88
209,Elianora,Dacres,edacres5s@goo.gl,Female,121.182.46.129
210,Idette,Goldsby,igoldsby5t@mit.edu,Female,149.146.6.35
211,Marne,Bertram,mbertram5u@mozilla.com,Female,187.87.40.229
212,Kermit,Meighan,kmeighan5v@hubpages.com,Male,81.205.175.200
213,Bee,Gitsham,bgitsham5w@ow.ly,Female,47.134.68.161
214,Milo,Blakes,mblakes5x@intel.com,Male,67.195.166.154
215,Doralia,Rasor,drasor5y@edublogs.org,Female,244.56.56.86
216,Ikey,Wozencroft,iwozencroft5z@ustream.tv,Male,124.142.28.173
217,Joey,Cawsby,jcawsby60@sbwire.com,Female,193.37.43.246
218,Tova,Pues,tpues61@homestead.com,Female,12.159.80.10
219,Talyah,Matfield,tmatfield62@alexa.com,Female,164.186.240.25
220,Olly,Blanking,oblanking63@com.com,Male,82.97.198.191
221,Luther,Reaney,lreaney64@pbs.org,Male,30.141.17.213
222,Grace,Cuseck,gcuseck65@devhub.com,Female,4.61.128.76
223,Marcellus,Carbine,mcarbine66@hp.com,Male,235.16.2.205
224,Gabriell,Attewill,gattewill67@google.nl,Female,200.98.212.194
225,Cordelie,Seint,cseint68@jugem.jp,Female,44.208.61.1
226,Arney,Redwall,aredwall69@discuz.net,Male,46.153.6.134
227,Garold,McCahill,gmccahill6a@odnoklassniki.ru,Male,48.176.187.117
228,Antoni,Futcher,afutcher6b@wikimedia.org,Male,187.87.107.80
229,Clint,McPeake,cmcpeake6c@drupal.org,Male,254.67.75.159
230,Koressa,Slobom,kslobom6d@etsy.com,Female,65.174.226.219
231,Katheryn,Kebell,kkebell6e@infoseek.co.jp,Female,42.55.11.175
232,Russell,Tembridge,rtembridge6f@loc.gov,Male,22.230.99.161
233,Melamie,MacCaig,mmaccaig6g@g.co,Female,36.198.96.239
234,Blane,Kirtlan,bkirtlan6h@ca.gov,Male,11.103.251.5
235,Ermengarde,Mecchi,emecchi6i@ed.gov,Female,62.85.186.54
236,Cordell,Jumonet,cjumonet6j@booking.com,Male,67.132.72.69
237,Rafaello,Simnel,rsimnel6k@comsenz.com,Male,124.162.154.202
238,Sarita,Beig,sbeig6l@illinois.edu,Female,235.255.124.31
239,Elianora,Udy,eudy6m@google.ca,Female,247.80.114.66
240,Pat,Shead,pshead6n@icq.com,Male,246.110.253.190
241,Fernande,Moorfield,fmoorfield6o@exblog.jp,Female,33.58.214.217
242,Lillis,Isakovitch,lisakovitch6p@plala.or.jp,Female,220.136.68.108
243,Marylinda,Louw,mlouw6q@cnbc.com,Female,62.34.17.56
244,Gerik,Niset,gniset6r@princeton.edu,Male,123.156.69.138
245,Alverta,Bucksey,abucksey6s@4shared.com,Female,160.120.107.32
246,Damon,MacGinlay,dmacginlay6t@elegantthemes.com,Male,97.148.90.11
247,Arabel,Snufflebottom,asnufflebottom6u@dmoz.org,Female,244.234.98.19
248,Sibilla,Quiddington,squiddington6v@hubpages.com,Female,32.129.248.145
249,Jehanna,Treharne,jtreharne6w@comsenz.com,Female,27.169.136.110
250,Rafaellle,Edlyne,redlyne6x@yelp.com,Male,94.134.247.3
251,Goddart,Bourthoumieux,gbourthoumieux6y@ifeng.com,Male,24.83.23.201
252,Vernon,Cruft,vcruft6z@blogger.com,Male,228.127.118.85
253,Chrissy,Tommaseo,ctommaseo70@livejournal.com,Male,46.21.123.28
254,Damon,Davern,ddavern71@sciencedirect.com,Male,136.197.252.165
255,Sharleen,Vise,svise72@mayoclinic.com,Female,212.147.25.159
256,Willis,Rounsivall,wrounsivall73@cbsnews.com,Male,134.216.166.81
257,Jaquenetta,Mackinder,jmackinder74@reddit.com,Female,90.50.173.73
258,Judah,Pilgram,jpilgram75@loc.gov,Male,156.80.243.29
259,Emmery,De la Barre,edelabarre76@posterous.com,Male,43.109.150.133
260,Nappie,Wagnerin,nwagnerin77@live.com,Male,126.93.238.68
261,Patrice,Vequaud,pvequaud78@bluehost.com,Female,147.75.236.192
262,Rex,Pietruszewicz,rpietruszewicz79@mayoclinic.com,Male,89.242.170.234
263,Theresita,Blasius,tblasius7a@hostgator.com,Female,222.197.191.49
264,Wally,Gateshill,wgateshill7b@nih.gov,Female,205.26.236.183
265,Katee,Hazleton,khazleton7c@amazon.de,Female,248.26.245.241
266,Althea,Cuffin,acuffin7d@nhs.uk,Female,178.86.221.114
267,Emelina,Fell,efell7e@printfriendly.com,Female,227.98.79.7
268,Redd,MacGuffie,rmacguffie7f@reference.com,Male,191.234.114.94
269,Rafa,Searl,rsearl7g@biglobe.ne.jp,Female,115.136.217.74
270,Aldous,Dreigher,adreigher7h@redcross.org,Male,170.152.74.231
271,Pyotr,Sorrell,psorrell7i@nature.com,Male,45.36.214.118
272,Faith,Thickins,fthickins7j@yahoo.co.jp,Female,207.175.33.242
273,Ricardo,Tuny,rtuny7k@bigcartel.com,Male,246.160.186.197
274,Minna,D'Aguanno,mdaguanno7l@ow.ly,Female,95.43.114.145
275,Ilene,Malim,imalim7m@gnu.org,Female,72.181.37.173
276,Esme,Trafford,etrafford7n@unblog.fr,Female,142.247.136.141
277,Alexandrina,Kinloch,akinloch7o@ow.ly,Female,61.32.191.25
278,Rosalynd,Niesel,rniesel7p@nymag.com,Female,235.223.41.85
279,Rorie,Derges,rderges7q@123-reg.co.uk,Female,158.114.132.196
280,Bevin,Josefson,bjosefson7r@uol.com.br,Male,183.28.29.134
281,Britney,Limon,blimon7s@webs.com,Female,149.7.133.117
282,Jeffie,Winspar,jwinspar7t@cpanel.net,Male,176.187.121.180
283,Dennis,Davenport,ddavenport7u@deliciousdays.com,Male,34.123.60.0
284,Miltie,Trittam,mtrittam7v@trellian.com,Male,206.22.172.26
285,Dwight,Pollard,dpollard7w@histats.com,Male,102.211.26.152
286,Tammy,Larmouth,tlarmouth7x@yelp.com,Female,21.72.129.183
287,Allx,Marfield,amarfield7y@tiny.cc,Female,71.33.50.78
288,Bennett,Sulley,bsulley7z@printfriendly.com,Male,144.237.200.46
289,Robb,Edgehill,redgehill80@illinois.edu,Male,181.12.92.68
290,Whitman,MacGillicuddy,wmacgillicuddy81@drupal.org,Male,229.94.66.98
291,Wynny,Kinforth,wkinforth82@smugmug.com,Female,242.13.254.237
292,Florella,Ethington,fethington83@bbb.org,Female,83.238.80.111
293,Barby,Kingett,bkingett84@berkeley.edu,Female,0.157.135.229
294,Bamby,Shimmans,bshimmans85@washington.edu,Female,129.12.91.15
295,Adrien,Carlisle,acarlisle86@sfgate.com,Male,81.227.88.94
296,Frederica,Ebrall,febrall87@cnet.com,Female,149.36.253.253
297,Walker,Giacobini,wgiacobini88@google.co.uk,Male,9.112.236.13
298,Gaby,Breadon,gbreadon89@stanford.edu,Male,155.15.88.62
299,Bobina,Holcroft,bholcroft8a@wufoo.com,Female,236.163.31.225
300,Albie,Gates,agates8b@state.gov,Male,224.66.250.43
301,Regan,Carnier,rcarnier8c@themeforest.net,Male,91.197.127.10
302,Gabey,Johanssen,gjohanssen8d@google.co.jp,Female,182.199.45.113
303,Riordan,Trase,rtrase8e@google.co.uk,Male,116.45.51.18
304,Clarine,Brownsell,cbrownsell8f@ucoz.com,Female,202.132.16.10
305,Michaela,Casa,mcasa8g@purevolume.com,Female,139.189.64.101
306,Carr,Rippen,crippen8h@economist.com,Male,17.25.233.68
307,Kingston,Smedmore,ksmedmore8i@sogou.com,Male,50.82.207.185
308,Alyson,Dumpleton,adumpleton8j@privacy.gov.au,Female,233.76.253.221
309,Tedie,Hugo,thugo8k@people.com.cn,Male,87.93.44.142
310,Kliment,Mulliss,kmulliss8l@ebay.com,Male,246.130.171.47
311,Fifine,Bartoszek,fbartoszek8m@buzzfeed.com,Female,227.133.180.224
312,Aliza,Loughhead,aloughhead8n@umich.edu,Female,204.224.60.136
313,Brear,Impett,bimpett8o@phoca.cz,Female,132.241.145.43
314,Alvy,Lytle,alytle8p@posterous.com,Male,46.9.194.179
315,Angeli,Kubala,akubala8q@independent.co.uk,Male,144.18.176.96
316,Wells,Speare,wspeare8r@macromedia.com,Male,91.39.86.3
317,Annalise,Shobbrook,ashobbrook8s@discovery.com,Female,127.183.239.169
318,Noni,Blasi,nblasi8t@chicagotribune.com,Female,197.0.175.158
319,Alfreda,Patley,apatley8u@vinaora.com,Female,29.35.59.12
320,Tailor,Manuello,tmanuello8v@ifeng.com,Male,220.111.41.250
321,Hermie,Elbourne,helbourne8w@washington.edu,Male,203.169.137.219
322,Keefe,Kimmings,kkimmings8x@about.com,Male,2.83.197.136
323,Felice,Burgoyne,fburgoyne8y@jugem.jp,Female,228.61.100.88
324,Ogdon,Bowdler,obowdler8z@live.com,Male,55.189.15.29
325,Jamey,Benck,jbenck90@cam.ac.uk,Male,149.134.183.95
326,Kayne,Towsey,ktowsey91@plala.or.jp,Male,189.216.6.216
327,Wernher,Caslake,wcaslake92@geocities.jp,Male,212.126.102.78
328,Jason,Iuorio,jiuorio93@alibaba.com,Male,176.39.40.107
329,Vincenty,Abdey,vabdey94@vinaora.com,Male,36.153.199.22
330,Gelya,Fischer,gfischer95@blogspot.com,Female,77.60.77.201
331,Rustie,Iddins,riddins96@ebay.com,Male,101.226.211.253
332,Mendy,Brastead,mbrastead97@independent.co.uk,Male,134.82.16.78
333,Charmaine,Chastey,cchastey98@xrea.com,Female,156.48.216.3
334,Garrik,Ollarenshaw,gollarenshaw99@multiply.com,Male,32.147.84.179
335,Howey,Westwell,hwestwell9a@nhs.uk,Male,143.247.56.106
336,Willi,Bearn,wbearn9b@tinypic.com,Female,45.209.158.162
337,Hall,Bonallack,hbonallack9c@elpais.com,Male,146.215.6.164
338,Alyce,Graysmark,agraysmark9d@imgur.com,Female,184.1.84.45
339,Maisey,Rogge,mrogge9e@cnbc.com,Female,104.21.130.126
340,Flemming,Mont,fmont9f@economist.com,Male,78.54.43.61
341,Mordecai,Saltman,msaltman9g@yale.edu,Male,239.193.114.90
342,Katalin,Glencrash,kglencrash9h@blogtalkradio.com,Female,39.254.67.19
343,Gayel,Mollen,gmollen9i@myspace.com,Female,221.190.42.15
344,Mallissa,Petrakov,mpetrakov9j@meetup.com,Female,122.14.89.94
345,Boothe,Cowtherd,bcowtherd9k@hugedomains.com,Male,66.84.177.112
346,Morgen,Grisenthwaite,mgrisenthwaite9l@cbslocal.com,Female,166.105.63.97
347,Ibbie,Rylett,irylett9m@hp.com,Female,213.174.17.207
348,Izaak,Marcum,imarcum9n@businessinsider.com,Male,203.161.1.133
349,Dell,Ferroni,dferroni9o@amazon.de,Male,5.27.93.184
350,Sherm,Cheves,scheves9p@liveinternet.ru,Male,22.13.77.22
351,Wiatt,Digg,wdigg9q@xinhuanet.com,Male,129.101.90.232
352,Dotti,Thomsson,dthomsson9r@geocities.com,Female,147.80.150.145
353,Horten,Pound,hpound9s@stumbleupon.com,Male,87.245.114.106
354,Winnie,Dilon,wdilon9t@flavors.me,Male,12.86.144.90
355,Gianna,Finnemore,gfinnemore9u@apache.org,Female,86.244.36.123
356,Waylen,Byrcher,wbyrcher9v@xrea.com,Male,229.156.14.109
357,Nona,Faivre,nfaivre9w@toplist.cz,Female,75.5.103.2
358,Rollie,Humberston,rhumberston9x@zimbio.com,Male,246.67.83.187
359,Lissie,Fullman,lfullman9y@simplemachines.org,Female,230.190.151.53
360,Andrea,Eastmead,aeastmead9z@reuters.com,Female,170.211.229.70
361,Heidi,Norrington,hnorringtona0@census.gov,Female,241.95.219.200
362,Wadsworth,Francescuccio,wfrancescuccioa1@businessinsider.com,Male,10.105.196.49
363,Paxton,Knoles,pknolesa2@wordpress.org,Male,128.223.97.42
364,Gerardo,Bothams,gbothamsa3@cnbc.com,Male,178.225.175.214
365,Estelle,Smewing,esmewinga4@desdev.cn,Female,121.97.233.38
366,Kevon,Rajchert,krajcherta5@joomla.org,Male,186.125.113.106
367,Case,Skyram,cskyrama6@bandcamp.com,Male,126.111.200.184
368,Melamie,Crookes,mcrookesa7@163.com,Female,127.240.159.251
369,Alex,Sabates,asabatesa8@tmall.com,Female,167.207.144.67
370,Rex,Belch,rbelcha9@sciencedaily.com,Male,114.141.145.134
371,Shelden,Pantry,spantryaa@quantcast.com,Male,49.209.231.66
372,Anita,Vondra,avondraab@weather.com,Female,204.113.213.169
373,Alf,Bollands,abollandsac@forbes.com,Male,100.109.183.249
374,Audrie,Ibel,aibelad@cargocollective.com,Female,95.43.209.103
375,Rafaela,Custy,rcustyae@storify.com,Female,225.251.241.238
376,Kin,Westhead,kwestheadaf@foxnews.com,Male,222.23.94.245
377,Tildi,Tideswell,ttideswellag@constantcontact.com,Female,202.81.70.115
378,Lidia,Sussams,lsussamsah@microsoft.com,Female,57.37.28.238
379,Wynnie,O'Shields,woshieldsai@tinyurl.com,Female,77.252.153.187
380,Sonia,Durward,sdurwardaj@nps.gov,Female,59.30.34.44
381,Fairleigh,Pashenkov,fpashenkovak@hexun.com,Male,144.197.189.246
382,Floris,McJerrow,fmcjerrowal@intel.com,Female,21.27.40.202
383,Gussie,Pipkin,gpipkinam@dropbox.com,Female,183.15.242.211
384,Imojean,Culter,iculteran@networkadvertising.org,Female,182.120.203.38
385,Eddy,Britzius,ebritziusao@booking.com,Male,188.3.25.89
386,Decca,Warlow,dwarlowap@ft.com,Male,29.91.240.191
387,Ainsley,Scothorn,ascothornaq@about.com,Female,72.147.210.166
388,Abbi,Janatka,ajanatkaar@mit.edu,Female,112.55.81.189
389,Maxine,Lynam,mlynamas@nsw.gov.au,Female,205.217.225.119
390,Normie,Mallabar,nmallabarat@google.it,Male,16.45.60.14
391,Correy,Lalonde,clalondeau@wix.com,Male,253.200.233.48
392,Rhett,Tomowicz,rtomowiczav@photobucket.com,Male,179.79.7.51
393,Law,Varley,lvarleyaw@usnews.com,Male,149.251.219.194
394,Aeriela,Kondratenko,akondratenkoax@acquirethisname.com,Female,254.37.63.149
395,Esme,Vardey,evardeyay@mapy.cz,Male,87.45.57.4
396,Alphard,Ismead,aismeadaz@bravesites.com,Male,83.123.59.6
397,Penrod,Gaynes,pgaynesb0@boston.com,Male,210.119.217.14
398,Jemimah,Amphlett,jamphlettb1@ihg.com,Female,224.187.19.196
399,Clio,Geddes,cgeddesb2@fda.gov,Female,82.33.58.8
400,Alia,Hanton,ahantonb3@over-blog.com,Female,16.246.183.131
401,Elsi,Strapp,estrappb4@mit.edu,Female,130.92.231.12
402,Marianna,Jeacocke,mjeacockeb5@sciencedaily.com,Female,205.210.136.146
403,Skippie,Brandham,sbrandhamb6@marketwatch.com,Male,252.90.86.121
404,Ashton,Covendon,acovendonb7@psu.edu,Male,11.5.136.66
405,Tedman,Michel,tmichelb8@domainmarket.com,Male,29.92.167.160
406,Wat,Habin,whabinb9@unesco.org,Male,69.141.105.112
407,Lucina,Traise,ltraiseba@paginegialle.it,Female,132.68.173.14
408,Hal,Arnason,harnasonbb@tinypic.com,Male,238.214.3.211
409,Gerty,Leckenby,gleckenbybc@opensource.org,Female,218.86.132.149
410,Madelene,Bohler,mbohlerbd@buzzfeed.com,Female,194.234.144.133
411,Manfred,Routley,mroutleybe@vinaora.com,Male,40.141.129.214
412,Andrew,Gajownik,agajownikbf@joomla.org,Male,102.225.95.229
413,Carlo,Ricciardi,cricciardibg@linkedin.com,Male,162.41.232.64
414,Elyssa,De Ruggiero,ederuggierobh@google.com.hk,Female,245.155.212.234
415,Harlene,Bedenham,hbedenhambi@columbia.edu,Female,235.115.224.222
416,Ester,Nibley,enibleybj@wired.com,Female,14.218.165.222
417,Sheryl,Gail,sgailbk@sbwire.com,Female,65.55.84.48
418,Godfry,Roget,grogetbl@goo.ne.jp,Male,124.64.167.166
419,George,Cahill,gcahillbm@imageshack.us,Male,195.78.54.122
420,Dalt,Fleming,dflemingbn@reddit.com,Male,234.54.113.224
421,Holly,Ladley,hladleybo@geocities.jp,Male,52.250.30.107
422,Kerwin,Inch,kinchbp@ox.ac.uk,Male,248.131.59.113
423,Norris,Caldera,ncalderabq@github.io,Male,54.199.46.169
424,Charin,Rosendorf,crosendorfbr@etsy.com,Female,243.115.244.191
425,Shelton,Hemphall,shemphallbs@mail.ru,Male,92.41.229.242
426,Cammy,Cass,ccassbt@webnode.com,Male,130.2.236.42
427,Bald,Sorby,bsorbybu@tamu.edu,Male,194.10.158.177
428,Garey,Stuther,gstutherbv@irs.gov,Male,46.137.89.105
429,Bartolemo,Sawter,bsawterbw@salon.com,Male,226.66.46.6
430,Livy,Hansen,lhansenbx@istockphoto.com,Female,235.194.225.36
431,Irwin,Allaway,iallawayby@weebly.com,Male,3.5.251.43
432,Lizette,Guyers,lguyersbz@skyrock.com,Female,215.153.58.104
433,Karleen,Dunnan,kdunnanc0@mysql.com,Female,222.150.142.168
434,Chadd,Whimp,cwhimpc1@tinyurl.com,Male,193.108.143.222
435,Hermy,Bousquet,hbousquetc2@tinypic.com,Male,1.85.164.142
436,Glyn,Matteris,gmatterisc3@feedburner.com,Male,112.207.202.59
437,Leroy,Watkinson,lwatkinsonc4@printfriendly.com,Male,102.44.22.53
438,Jethro,Schulkins,jschulkinsc5@hostgator.com,Male,86.173.253.222
439,Sharline,Gait,sgaitc6@berkeley.edu,Female,18.177.115.66
440,Ely,Dummer,edummerc7@cam.ac.uk,Male,13.131.183.186
441,Ema,Hesey,eheseyc8@dot.gov,Female,152.128.205.236
442,Thomasina,Bunford,tbunfordc9@cnbc.com,Female,243.79.166.182
443,Verine,Karolczyk,vkarolczykca@usatoday.com,Female,17.39.42.155
444,Helsa,Twitchings,htwitchingscb@kickstarter.com,Female,117.229.125.188
445,Saraann,Sudell,ssudellcc@dmoz.org,Female,97.105.168.221
446,Marius,Earpe,mearpecd@multiply.com,Male,7.244.213.224
447,Atalanta,Byers,abyersce@ed.gov,Female,211.123.60.224
448,Hube,Ellingworth,hellingworthcf@stanford.edu,Male,41.219.17.59
449,Dewie,Borg-Bartolo,dborgbartolocg@histats.com,Male,113.167.222.29
450,Lira,Adame,ladamech@pen.io,Female,230.189.251.85
451,Marlin,MacDonell,mmacdonellci@mail.ru,Male,50.123.240.132
452,Nickola,Phlippsen,nphlippsencj@discuz.net,Male,135.236.162.27
453,Kassia,Spadotto,kspadottock@psu.edu,Female,188.115.55.128
454,Truda,Ida,tidacl@elegantthemes.com,Female,104.9.174.83
455,Brit,Breffitt,bbreffittcm@themeforest.net,Male,102.209.138.156
456,Rodina,Linder,rlindercn@gravatar.com,Female,177.63.94.210
457,Jaimie,Petrusch,jpetruschco@opera.com,Female,199.129.110.144
458,Roddy,Bullin,rbullincp@bloglovin.com,Male,82.191.89.207
459,Carley,Marieton,cmarietoncq@mapy.cz,Female,60.213.120.221
460,Sydney,Madgett,smadgettcr@fema.gov,Male,140.95.229.217
461,Cristian,Chamney,cchamneycs@privacy.gov.au,Male,242.41.44.67
462,Camellia,Veevers,cveeversct@wikipedia.org,Female,107.9.85.197
463,Weidar,Jest,wjestcu@narod.ru,Male,15.83.107.176
464,Joli,Robertsen,jrobertsencv@bloglines.com,Female,81.17.187.235
465,Heloise,Dallicoat,hdallicoatcw@weather.com,Female,62.103.16.125
466,Torrey,Hillum,thillumcx@msn.com,Male,192.25.11.238
467,Anna-maria,Fouracre,afouracrecy@youtu.be,Female,52.208.55.153
468,Brandi,Bleaden,bbleadencz@marketwatch.com,Female,135.134.152.208
469,Andrej,Strangeway,astrangewayd0@diigo.com,Male,202.36.145.106
470,Howard,Bordessa,hbordessad1@sfgate.com,Male,244.242.16.26
471,Sigvard,Blaisdell,sblaisdelld2@qq.com,Male,66.70.9.28
472,Duke,McGaw,dmcgawd3@jigsy.com,Male,210.37.81.70
473,Stanislas,Coo,scood4@php.net,Male,121.31.242.88
474,Waiter,Pretorius,wpretoriusd5@princeton.edu,Male,248.232.194.43
475,Olimpia,Viggers,oviggersd6@free.fr,Female,215.147.126.148
476,Ignace,Haborn,ihabornd7@wp.com,Male,57.43.213.249
477,Arthur,Edwicker,aedwickerd8@dedecms.com,Male,61.206.8.128
478,Guinevere,Matiasek,gmatiasekd9@sfgate.com,Female,236.176.151.179
479,Dagmar,Swoffer,dswofferda@cafepress.com,Female,234.190.248.26
480,Cathrine,Fairy,cfairydb@google.fr,Female,68.220.128.210
481,Samaria,Keepence,skeepencedc@sogou.com,Female,116.251.5.162
482,Derrik,Karim,dkarimdd@engadget.com,Male,97.23.48.101
483,Arman,Baudrey,abaudreyde@mediafire.com,Male,221.78.61.153
484,Hyman,Pinks,hpinksdf@canalblog.com,Male,106.167.220.212
485,Margit,Moryson,mmorysondg@xing.com,Female,57.84.166.128
486,Osbourne,McNysche,omcnyschedh@icq.com,Male,227.15.22.248
487,Culver,By,cbydi@issuu.com,Male,60.164.244.18
488,Ketty,Sturley,ksturleydj@shinystat.com,Female,36.86.134.47
489,Trevor,Lindwasser,tlindwasserdk@hibu.com,Male,85.138.128.208
490,Boycey,Grutchfield,bgrutchfielddl@cornell.edu,Male,84.5.32.111
491,Alaster,Simester,asimesterdm@shutterfly.com,Male,193.66.101.102
492,Jobye,Bolesma,jbolesmadn@tinypic.com,Female,182.185.221.55
493,Clarke,Manilow,cmanilowdo@dailymail.co.uk,Male,100.195.53.160
494,Manya,Scholler,mschollerdp@washingtonpost.com,Female,159.184.243.254
495,Sue,Ugoni,sugonidq@xinhuanet.com,Female,38.49.105.4
496,Ichabod,MacMurray,imacmurraydr@mit.edu,Male,130.168.171.76
497,Curry,Brumpton,cbrumptonds@businessinsider.com,Male,131.28.16.113
498,Sophey,Gilpin,sgilpindt@pagesperso-orange.fr,Female,175.156.176.183
499,Hillard,Harkness,hharknessdu@wikispaces.com,Male,40.183.210.215
500,Bran,Nuccitelli,bnuccitellidv@jiathis.com,Male,47.236.181.178
501,Rozelle,Agass,ragassdw@nsw.gov.au,Female,50.179.19.206
502,Ginnifer,Foote,gfootedx@sciencedaily.com,Female,81.76.193.16
503,Everett,Strippling,estripplingdy@wunderground.com,Male,55.127.131.130
504,Nixie,Dunklee,ndunkleedz@etsy.com,Female,47.5.220.101
505,Roma,Brabben,rbrabbene0@pinterest.com,Male,111.213.162.241
506,Charley,Pirdy,cpirdye1@wikia.com,Male,140.65.239.74
507,Michelle,Dron,mdrone2@nsw.gov.au,Female,155.152.201.39
508,Randy,Lease,rleasee3@businesswire.com,Female,83.84.216.123
509,Neil,Verralls,nverrallse4@ftc.gov,Male,5.201.80.213
510,Lyssa,Blackledge,lblackledgee5@goodreads.com,Female,145.207.30.201
511,Margo,Dy,mdye6@wired.com,Female,79.97.138.180
512,Urbain,Cussen,ucussene7@i2i.jp,Male,147.163.109.136
513,Hiram,Ceillier,hceilliere8@va.gov,Male,23.86.208.163
514,Maegan,Cockshtt,mcockshtte9@flickr.com,Female,248.199.230.100
515,Gannon,Cockshoot,gcockshootea@adobe.com,Male,218.139.232.162
516,Evin,Loffel,eloffeleb@mozilla.com,Male,37.124.145.238
517,Ardith,Bramsen,abramsenec@canalblog.com,Female,143.215.214.188
518,Ardene,MacKessock,amackessocked@engadget.com,Female,7.237.101.229
519,Francisca,Kildahl,fkildahlee@lycos.com,Female,142.10.206.70
520,Walden,Stidever,wstideveref@yandex.ru,Male,227.13.231.209
521,Meredithe,Fooks,mfookseg@huffingtonpost.com,Female,75.116.72.32
522,Fayth,Hierro,fhierroeh@boston.com,Female,127.182.15.213
523,Nessa,Aird,nairdei@tinypic.com,Female,163.149.255.134
524,Paolo,Dike,pdikeej@bluehost.com,Male,181.34.26.141
525,Baillie,Tripett,btripettek@chicagotribune.com,Male,176.71.163.216
526,Georgeanne,Arnowicz,garnowiczel@wordpress.org,Female,43.44.206.120
527,Tandie,Vizard,tvizardem@sina.com.cn,Female,17.149.167.200
528,Corrie,Culpan,cculpanen@t.co,Female,21.210.140.168
529,Giffard,Fildery,gfilderyeo@patch.com,Male,28.190.72.246
530,Sybilla,Greschik,sgreschikep@hud.gov,Female,235.165.174.40
531,Shirlene,Sherwill,ssherwilleq@archive.org,Female,81.41.108.59
532,Aurlie,Aitkin,aaitkiner@lulu.com,Female,191.217.173.31
533,Dur,Askie,daskiees@cnet.com,Male,49.60.84.107
534,Ferdinand,Lippini,flippiniet@indiegogo.com,Male,240.36.29.79
535,Olivie,Lineham,olinehameu@oaic.gov.au,Female,175.135.216.181
536,Derrick,Larking,dlarkingev@ifeng.com,Male,166.22.104.95
537,Egan,O'Geneay,eogeneayew@opensource.org,Male,147.142.124.35
538,Demetra,Tussaine,dtussaineex@dmoz.org,Female,221.151.16.105
539,Alejandra,Upfold,aupfoldey@imageshack.us,Female,248.219.228.220
540,Riobard,Lecount,rlecountez@creativecommons.org,Male,213.11.131.50
541,Hill,Livard,hlivardf0@sakura.ne.jp,Male,66.120.88.241
542,Marchelle,Bulcroft,mbulcroftf1@odnoklassniki.ru,Female,21.156.19.176
543,Fancy,Sleeny,fsleenyf2@addtoany.com,Female,39.4.211.150
544,Randie,Keilty,rkeiltyf3@fc2.com,Female,225.166.108.94
545,Tiff,Tregidga,ttregidgaf4@buzzfeed.com,Female,149.118.224.215
546,Karyn,Flatley,kflatleyf5@blogs.com,Female,201.62.202.176
547,Jerri,Feasley,jfeasleyf6@skype.com,Male,92.176.2.138
548,Norman,Egerton,negertonf7@shareasale.com,Male,208.122.28.97
549,Melvyn,Cankett,mcankettf8@census.gov,Male,116.26.116.229
550,Ranique,Andreuzzi,randreuzzif9@360.cn,Female,230.179.10.74
551,Kendre,Ginn,kginnfa@theglobeandmail.com,Female,211.103.166.208
552,Darlene,Frew,dfrewfb@i2i.jp,Female,29.11.5.242
553,Urban,Dottrell,udottrellfc@noaa.gov,Male,169.173.84.183
554,Yevette,Paulino,ypaulinofd@irs.gov,Female,32.243.99.35
555,Winifield,Beebe,wbeebefe@oracle.com,Male,248.45.24.94
556,Fowler,Moar,fmoarff@unicef.org,Male,45.211.16.222
557,Orin,Wenham,owenhamfg@blinklist.com,Male,136.176.175.147
558,Clayton,McAughtry,cmcaughtryfh@purevolume.com,Male,110.15.100.149
559,Eadith,Lane,elanefi@simplemachines.org,Female,87.51.85.162
560,Gerri,De Francesco,gdefrancescofj@bloomberg.com,Male,85.165.203.223
561,Cathie,Tabour,ctabourfk@smugmug.com,Female,66.135.222.209
562,Kimbell,Smaridge,ksmaridgefl@arstechnica.com,Male,74.138.60.59
563,Toby,Fonzone,tfonzonefm@npr.org,Male,48.219.228.69
564,Skylar,Adlam,sadlamfn@usa.gov,Male,77.51.122.239
565,Pierson,Keal,pkealfo@webeden.co.uk,Male,49.125.223.155
566,Wes,Crighton,wcrightonfp@cbslocal.com,Male,159.47.39.138
567,Dreddy,Danick,ddanickfq@ox.ac.uk,Female,54.85.237.96
568,Delcine,Surmeyers,dsurmeyersfr@mozilla.com,Female,199.8.114.60
569,Elbert,Labrone,elabronefs@uol.com.br,Male,189.38.125.140
570,Garrick,Phear,gphearft@aol.com,Male,139.199.6.123
571,Gwen,Ferneley,gferneleyfu@spiegel.de,Female,9.215.235.238
572,Teodorico,Bratcher,tbratcherfv@studiopress.com,Male,212.181.158.211
573,Corney,Sanger,csangerfw@paginegialle.it,Male,86.239.115.210
574,Burnard,Scholig,bscholigfx@dyndns.org,Male,86.243.139.166
575,Zaneta,Miguet,zmiguetfy@fda.gov,Female,217.189.255.198
576,Ania,Fauguel,afauguelfz@deviantart.com,Female,0.100.91.242
577,Kayla,Crowcombe,kcrowcombeg0@icq.com,Female,30.37.83.55
578,Marchall,Ochterlony,mochterlonyg1@google.de,Male,205.119.187.218
579,Annnora,Sola,asolag2@pagesperso-orange.fr,Female,158.231.8.151
580,Nicholas,Dallicoat,ndallicoatg3@parallels.com,Male,156.86.102.65
581,Franny,Carrington,fcarringtong4@wiley.com,Male,248.141.188.154
582,Salomi,Josefovic,sjosefovicg5@blog.com,Female,153.111.200.44
583,Alene,Skip,askipg6@tinypic.com,Female,125.193.152.29
584,Andros,Merrigans,amerrigansg7@java.com,Male,73.70.17.128
585,Sydney,Platfoot,splatfootg8@npr.org,Female,196.44.212.200
586,Siffre,Boorn,sboorng9@wikimedia.org,Male,82.106.41.38
587,Nickie,Ouldcott,nouldcottga@weebly.com,Female,243.127.125.253
588,Dotty,Landman,dlandmangb@dmoz.org,Female,29.121.157.202
589,Lanny,Petett,lpetettgc@gizmodo.com,Male,54.249.149.204
590,Kingston,Murch,kmurchgd@slideshare.net,Male,60.167.238.214
591,Reinaldos,Copnar,rcopnarge@dailymotion.com,Male,144.29.78.109
592,Mignonne,Makiver,mmakivergf@vimeo.com,Female,53.188.81.175
593,Gerri,Espinosa,gespinosagg@aboutads.info,Male,168.87.100.23
594,Brina,MacTimpany,bmactimpanygh@google.co.uk,Female,148.59.222.68
595,Stanislaus,Radoux,sradouxgi@oracle.com,Male,78.50.85.16
596,Nyssa,Able,nablegj@squidoo.com,Female,131.93.246.181
597,Shelby,Bolger,sbolgergk@exblog.jp,Male,6.245.42.14
598,Xaviera,McCaffrey,xmccaffreygl@amazon.de,Female,93.66.60.150
599,Kelsy,McElhinney,kmcelhinneygm@angelfire.com,Female,67.141.216.184
600,Zelma,Mollon,zmollongn@jimdo.com,Female,137.65.220.132
601,Biddy,Eddolls,beddollsgo@xing.com,Female,2.62.217.143
602,Richart,Basili,rbasiligp@elegantthemes.com,Male,173.206.26.166
603,Fleming,Manifold,fmanifoldgq@intel.com,Male,71.177.130.189
604,Ozzie,De Freyne,odefreynegr@fema.gov,Male,205.41.255.153
605,Barbette,French,bfrenchgs@ihg.com,Female,121.1.116.119
606,Kris,Furneaux,kfurneauxgt@cbslocal.com,Male,63.190.225.47
607,June,Bollard,jbollardgu@last.fm,Female,136.32.86.185
608,Emlyn,Domenici,edomenicigv@nyu.edu,Female,71.200.224.4
609,Roby,Geyton,rgeytongw@home.pl,Female,141.58.100.83
610,Becka,Fulleylove,bfulleylovegx@marriott.com,Female,134.47.49.105
611,Eolande,Opfer,eopfergy@constantcontact.com,Female,75.233.158.85
612,Esme,Style,estylegz@xinhuanet.com,Female,115.138.206.44
613,Menard,Rosekilly,mrosekillyh0@marketwatch.com,Male,244.15.119.66
614,Jodi,Forson,jforsonh1@multiply.com,Female,132.55.4.13
615,Hakeem,Duberry,hduberryh2@about.me,Male,73.252.41.63
616,Heinrick,Gorman,hgormanh3@people.com.cn,Male,120.211.91.214
617,Boniface,Hesey,bheseyh4@networksolutions.com,Male,84.39.117.237
618,Cathee,Wiseman,cwisemanh5@scribd.com,Female,182.249.193.173
619,Kendre,Kornes,kkornesh6@economist.com,Female,192.184.228.179
620,Lola,Stockau,lstockauh7@t-online.de,Female,242.204.20.32
621,Debbi,Putton,dputtonh8@house.gov,Female,135.233.13.232
622,Joseito,Mc Trusty,jmctrustyh9@cnn.com,Male,186.94.205.62
623,Violetta,Shapiro,vshapiroha@cnbc.com,Female,134.98.83.215
624,Adina,Stallard,astallardhb@time.com,Female,153.146.53.213
625,Laurianne,Bond,lbondhc@constantcontact.com,Female,125.177.42.71
626,Ruthy,Gianinotti,rgianinottihd@irs.gov,Female,77.88.47.153
627,Ric,Cremer,rcremerhe@intel.com,Male,163.87.186.86
628,Dougy,Eastwell,deastwellhf@dyndns.org,Male,207.150.213.215
629,Ax,Malling,amallinghg@businessinsider.com,Male,2.34.209.73
630,Alvera,Kinsett,akinsetthh@homestead.com,Female,169.66.68.38
631,Karisa,Drabble,kdrabblehi@sciencedaily.com,Female,74.228.56.180
632,Fedora,Bickley,fbickleyhj@clickbank.net,Female,12.136.137.154
633,Damian,MacAnellye,dmacanellyehk@github.com,Male,33.52.52.134
634,Tracy,Tome,ttomehl@sakura.ne.jp,Male,159.74.120.36
635,Annabal,Sebrens,asebrenshm@cmu.edu,Female,157.168.45.13
636,Margot,McAloren,mmcalorenhn@telegraph.co.uk,Female,63.171.198.184
637,Ashlin,Figure,afigureho@soup.io,Male,66.77.245.83
638,Fabian,Glencross,fglencrosshp@wikipedia.org,Male,104.96.8.196
639,Freddie,Carvilla,fcarvillahq@nature.com,Female,110.217.37.173
640,Abby,Horrell,ahorrellhr@digg.com,Female,32.150.152.98
641,Dacy,Wallbridge,dwallbridgehs@123-reg.co.uk,Female,88.48.147.204
642,Hyman,Bellam,hbellamht@friendfeed.com,Male,103.12.40.82
643,Noami,Edgler,nedglerhu@redcross.org,Female,127.128.209.244
644,Leanor,Swadden,lswaddenhv@vkontakte.ru,Female,35.75.56.45
645,Peggie,Beneteau,pbeneteauhw@bloglovin.com,Female,149.65.126.64
646,Marketa,Phillipson,mphillipsonhx@addthis.com,Female,212.166.195.143
647,Rice,Haythorne,rhaythornehy@weather.com,Male,138.5.56.75
648,Ferguson,Nettles,fnettleshz@etsy.com,Male,180.56.228.24
649,Roderick,Goathrop,rgoathropi0@princeton.edu,Male,10.175.161.28
650,Misha,Davidson,mdavidsoni1@sfgate.com,Female,51.187.119.58
651,Hilton,Dumbare,hdumbarei2@wisc.edu,Male,47.146.162.105
652,Adda,Millen,amilleni3@wikimedia.org,Female,53.130.137.203
653,Noreen,Wildin,nwildini4@tiny.cc,Female,69.8.46.105
654,Lenard,Arnholdt,larnholdti5@usa.gov,Male,168.23.20.161
655,Johannes,Wiggam,jwiggami6@who.int,Male,206.56.97.245
656,Jenda,Jesper,jjesperi7@cbc.ca,Female,115.43.40.165
657,Sanson,Romanini,sromaninii8@apple.com,Male,101.64.233.235
658,Arin,Burdfield,aburdfieldi9@latimes.com,Male,129.251.195.221
659,Lexi,Jutson,ljutsonia@microsoft.com,Female,151.116.140.61
660,Christian,Pestridge,cpestridgeib@gnu.org,Male,106.94.188.57
661,Sascha,Martini,smartiniic@plala.or.jp,Male,60.30.161.228
662,Isahella,Meni,imeniid@ameblo.jp,Female,42.189.180.141
663,Nannette,Denington,ndeningtonie@wsj.com,Female,114.234.47.212
664,Anstice,Smitheman,asmithemanif@google.es,Female,87.167.170.78
665,Alix,Peerless,apeerlessig@naver.com,Male,159.220.151.129
666,Melony,Cantrill,mcantrillih@vkontakte.ru,Female,152.170.181.250
667,Baldwin,Laker,blakerii@weibo.com,Male,177.244.194.159
668,Haydon,McCallam,hmccallamij@samsung.com,Male,28.232.74.185
669,Alick,Rawsthorne,arawsthorneik@chron.com,Male,218.31.227.145
670,Law,Summerley,lsummerleyil@nsw.gov.au,Male,228.194.13.90
671,Deina,Henlon,dhenlonim@answers.com,Female,202.45.106.92
672,Willi,Rolfo,wrolfoin@oracle.com,Male,34.215.150.26
673,Glad,Metcalf,gmetcalfio@google.ru,Female,166.253.118.119
674,Rutter,Finlaison,rfinlaisonip@marketwatch.com,Male,169.10.45.141
675,Yule,Feely,yfeelyiq@slate.com,Male,191.141.11.58
676,Demeter,Forcer,dforcerir@storify.com,Female,17.78.20.74
677,Diego,Etherington,detheringtonis@youtu.be,Male,162.1.28.67
678,Rutledge,Marqyes,rmarqyesit@gov.uk,Male,22.231.31.52
679,Will,Varren,wvarreniu@blog.com,Male,125.130.202.69
680,Dyanna,Coonihan,dcoonihaniv@reference.com,Female,40.240.14.98
681,Myrtice,Derrick,mderrickiw@eventbrite.com,Female,119.229.172.30
682,Wells,Deavin,wdeavinix@home.pl,Male,12.97.162.145
683,Andie,Screach,ascreachiy@slate.com,Male,56.248.73.43
684,Eryn,Whetnell,ewhetnelliz@earthlink.net,Female,43.113.210.154
685,Sheppard,Trousdale,strousdalej0@creativecommons.org,Male,160.28.115.13
686,Patsy,Pally,ppallyj1@cbc.ca,Male,46.74.56.28
687,Davine,MacAdam,dmacadamj2@theguardian.com,Female,134.134.42.243
688,Rodrick,Wreak,rwreakj3@epa.gov,Male,165.166.206.101
689,Haskel,Segge,hseggej4@hhs.gov,Male,99.181.157.196
690,Rogerio,Titman,rtitmanj5@purevolume.com,Male,224.178.211.138
691,Kelli,Worvell,kworvellj6@webmd.com,Female,48.97.41.219
692,Audry,Gabby,agabbyj7@howstuffworks.com,Female,139.207.158.233
693,Suzanne,Sowrey,ssowreyj8@indiatimes.com,Female,130.65.84.21
694,Ranna,Osmund,rosmundj9@twitpic.com,Female,68.168.2.252
695,Sean,McKibbin,smckibbinja@csmonitor.com,Male,33.209.14.76
696,Ursala,Domingues,udominguesjb@ed.gov,Female,127.62.202.222
697,Lynnett,Calles,lcallesjc@over-blog.com,Female,252.51.232.32
698,Britni,Runsey,brunseyjd@topsy.com,Female,251.42.198.136
699,Adams,Rosenblath,arosenblathje@weather.com,Male,201.79.253.165
700,Alicia,Killingbeck,akillingbeckjf@moonfruit.com,Female,147.70.200.237
701,Brion,Cutbirth,bcutbirthjg@hc360.com,Male,60.174.70.7
702,Beauregard,Godney,bgodneyjh@cbslocal.com,Male,196.31.253.107
703,Nicolle,Cuttin,ncuttinji@google.de,Female,251.167.114.97
704,Hobart,Ida,hidajj@eepurl.com,Male,169.100.218.109
705,Elton,Enns,eennsjk@github.io,Male,68.43.249.207
706,Bertie,Macari,bmacarijl@meetup.com,Male,184.142.143.170
707,Douglass,Comiskey,dcomiskeyjm@chron.com,Male,105.45.90.177
708,Forest,Fuller,ffullerjn@infoseek.co.jp,Male,117.47.215.126
709,Philippe,Donneely,pdonneelyjo@howstuffworks.com,Female,28.197.19.57
710,Chery,Tschursch,ctschurschjp@1688.com,Female,180.92.207.44
711,Aveline,Feckey,afeckeyjq@vistaprint.com,Female,161.86.21.226
712,Felicity,O'Gavin,fogavinjr@tinyurl.com,Female,151.52.195.232
713,Jemmy,Roscamps,jroscampsjs@moonfruit.com,Female,91.130.235.207
714,Boony,Fenck,bfenckjt@themeforest.net,Male,197.166.181.179
715,Keefer,De Cleyne,kdecleyneju@rediff.com,Male,102.212.60.27
716,Judon,Pankhurst.,jpankhurstjv@nydailynews.com,Male,168.82.187.240
717,Isak,Diego,idiegojw@disqus.com,Male,138.183.201.35
718,Paulie,Dawnay,pdawnayjx@istockphoto.com,Female,227.243.168.121
719,Arlinda,Denney,adenneyjy@diigo.com,Female,99.199.58.207
720,Austine,Clinton,aclintonjz@github.com,Female,137.71.233.152
721,Harvey,Simoncello,hsimoncellok0@state.tx.us,Male,170.107.189.153
722,Cathleen,Laffin,claffink1@businessweek.com,Female,97.195.136.81
723,Dean,Highwood,dhighwoodk2@ovh.net,Male,76.110.95.224
724,Maje,Antonellini,mantonellinik3@un.org,Male,241.187.17.233
725,Deb,Servant,dservantk4@networkadvertising.org,Female,56.227.66.133
726,Lira,Fairley,lfairleyk5@usa.gov,Female,226.52.205.226
727,Giulio,Fundell,gfundellk6@baidu.com,Male,30.245.66.37
728,Jesus,Todd,jtoddk7@weibo.com,Male,22.173.47.220
729,Rodolfo,Schleswig-Holstein,rschleswigholsteink8@wikia.com,Male,189.227.247.178
730,Nissie,Tchaikovsky,ntchaikovskyk9@phoca.cz,Female,52.241.164.238
731,Rudy,Blatcher,rblatcherka@desdev.cn,Male,38.156.231.167
732,Alden,Imason,aimasonkb@wp.com,Male,252.207.238.60
733,Jillie,Setchell,jsetchellkc@japanpost.jp,Female,224.62.14.248
734,Arleta,Mountain,amountainkd@nature.com,Female,210.94.233.224
735,Xenia,Aldam,xaldamke@nasa.gov,Female,241.105.149.213
736,Ginny,Joanic,gjoanickf@mit.edu,Female,117.196.248.227
737,Tyrus,Fairbridge,tfairbridgekg@sohu.com,Male,55.164.115.52
738,Blythe,Wiggington,bwiggingtonkh@sohu.com,Female,199.139.155.118
739,Arline,Margeram,amargeramki@51.la,Female,18.203.166.15
740,Chrisy,De Cruze,cdecruzekj@marriott.com,Male,119.5.30.219
741,Theodor,Satterlee,tsatterleekk@discovery.com,Male,106.183.151.113
742,Desmund,MacVay,dmacvaykl@army.mil,Male,84.173.238.42
743,Bertina,Newcomen,bnewcomenkm@joomla.org,Female,175.25.227.99
744,Philomena,Prendergast,pprendergastkn@hhs.gov,Female,228.190.174.72
745,Hew,Colliford,hcollifordko@tmall.com,Male,19.55.236.90
746,Juliann,Crabbe,jcrabbekp@cdc.gov,Female,67.86.136.34
747,Karlan,Tallowin,ktallowinkq@yahoo.com,Male,146.175.87.176
748,Kara-lynn,Orcott,korcottkr@webeden.co.uk,Female,183.30.12.166
749,Alfie,Planque,aplanqueks@ow.ly,Female,229.138.123.44
750,Cordy,Leyson,cleysonkt@google.com.br,Male,20.14.21.127
751,Dalli,Mackrell,dmackrellku@rediff.com,Male,132.46.211.110
752,Cirilo,Clay,cclaykv@sciencedirect.com,Male,93.10.136.114
753,Niven,Siaskowski,nsiaskowskikw@360.cn,Male,43.159.158.222
754,Tedra,Jaan,tjaankx@ted.com,Female,44.145.153.208
755,Errol,Gosalvez,egosalvezky@loc.gov,Male,88.89.139.188
756,Ogdan,West-Frimley,owestfrimleykz@who.int,Male,61.119.15.212
757,Georgine,Figura,gfigural0@illinois.edu,Female,70.238.1.243
758,Elane,Schule,eschulel1@chicagotribune.com,Female,190.83.103.181
759,Jeannette,Thebeau,jthebeaul2@gov.uk,Female,156.127.148.84
760,Pepito,Rubica,prubical3@github.io,Male,55.129.148.252
761,Vic,Pascow,vpascowl4@nationalgeographic.com,Male,134.230.191.249
762,Adorne,Crunkhorn,acrunkhornl5@cbsnews.com,Female,146.118.201.175
763,Noelani,Ritchley,nritchleyl6@istockphoto.com,Female,137.120.187.90
764,Jonah,Gilbey,jgilbeyl7@uiuc.edu,Male,8.112.225.117
765,Killy,Kieran,kkieranl8@mit.edu,Male,198.156.43.100
766,Hersh,Saice,hsaicel9@sitemeter.com,Male,50.73.182.145
767,Perry,Burchett,pburchettla@intel.com,Female,206.225.196.214
768,Fair,Farnhill,ffarnhilllb@google.es,Male,167.50.187.28
769,Paulie,Kenrick,pkenricklc@fotki.com,Male,239.103.200.55
770,Christiana,Quinsee,cquinseeld@networksolutions.com,Female,103.254.224.139
771,Kendell,Moxom,kmoxomle@howstuffworks.com,Male,205.146.76.125
772,Daryl,Malter,dmalterlf@epa.gov,Female,210.38.53.101
773,Gerrilee,Owlner,gowlnerlg@mtv.com,Female,123.95.54.153
774,Galen,McKernon,gmckernonlh@free.fr,Male,245.14.52.137
775,Betsey,Grew,bgrewli@elpais.com,Female,86.89.43.237
776,Blinni,Geffinger,bgeffingerlj@sina.com.cn,Female,79.27.162.59
777,Adora,Ffoulkes,affoulkeslk@irs.gov,Female,184.175.22.40
778,Mic,Davidovsky,mdavidovskyll@sogou.com,Male,92.184.36.41
779,Carry,Rewcastle,crewcastlelm@yahoo.co.jp,Female,158.99.94.234
780,Kerk,Doudney,kdoudneyln@imdb.com,Male,64.96.249.32
781,Beverly,Perrington,bperringtonlo@epa.gov,Female,199.18.113.148
782,Prent,Bouchard,pbouchardlp@kickstarter.com,Male,210.221.243.29
783,Brittaney,Heasly,bheaslylq@census.gov,Female,213.188.104.25
784,Normy,Hebble,nhebblelr@hatena.ne.jp,Male,227.200.154.52
785,Brynna,Domaschke,bdomaschkels@ed.gov,Female,42.135.29.151
786,Barbra,Karolczyk,bkarolczyklt@comcast.net,Female,1.62.138.190
787,Guthry,Fautly,gfautlylu@jiathis.com,Male,29.250.105.158
788,Noby,Kuscha,nkuschalv@ed.gov,Male,201.108.205.124
789,Cyndia,Jaggs,cjaggslw@domainmarket.com,Female,252.93.207.74
790,Avie,Gregersen,agregersenlx@woothemes.com,Female,106.55.29.237
791,Demetri,Oene,doenely@sciencedirect.com,Male,204.91.111.192
792,Viole,Durling,vdurlinglz@hatena.ne.jp,Female,166.29.66.104
793,Jo-anne,Gerardi,jgerardim0@skype.com,Female,130.67.82.58
794,Reinaldo,Brockley,rbrockleym1@creativecommons.org,Male,211.78.155.42
795,Anne-marie,Nestor,anestorm2@quantcast.com,Female,222.224.129.239
796,Morgen,Wyldish,mwyldishm3@shareasale.com,Female,214.16.254.115
797,Marcello,Hadaway,mhadawaym4@typepad.com,Male,204.81.118.63
798,Joey,Yerrill,jyerrillm5@reference.com,Female,10.49.208.241
799,Jennilee,Bond,jbondm6@businesswire.com,Female,131.184.59.227
800,Jeanine,Vigars,jvigarsm7@marketwatch.com,Female,57.47.106.247
801,Pembroke,Wodham,pwodhamm8@a8.net,Male,57.47.69.56
802,Cally,Rawll,crawllm9@dagondesign.com,Female,192.15.204.109
803,Gaultiero,Dumbrill,gdumbrillma@mapy.cz,Male,156.158.151.135
804,Osbourn,Duffil,oduffilmb@xing.com,Male,44.58.253.224
805,Skelly,Burndred,sburndredmc@webeden.co.uk,Male,22.252.74.18
806,Sunshine,Maciaszczyk,smaciaszczykmd@cam.ac.uk,Female,179.244.167.211
807,Kermy,Medcraft,kmedcraftme@clickbank.net,Male,202.92.25.173
808,Netti,Hindsberg,nhindsbergmf@goodreads.com,Female,124.255.239.144
809,Kirk,Klammt,kklammtmg@earthlink.net,Male,92.131.234.179
810,Rory,Frankiewicz,rfrankiewiczmh@wired.com,Male,199.195.4.210
811,Luca,Clausen,lclausenmi@indiegogo.com,Male,21.59.222.203
812,Abba,Cowins,acowinsmj@eepurl.com,Male,67.35.98.47
813,Ginnie,Saxby,gsaxbymk@businessinsider.com,Female,25.242.60.245
814,Sibley,Smelley,ssmelleyml@squidoo.com,Female,155.37.80.197
815,Kele,Jobbing,kjobbingmm@geocities.jp,Male,183.243.180.80
816,Valaree,Crotty,vcrottymn@ucoz.ru,Female,221.207.229.145
817,Adena,Wilce,awilcemo@yahoo.co.jp,Female,237.163.128.251
818,Spenser,Salla,ssallamp@google.co.jp,Male,46.87.64.46
819,Randy,Gilston,rgilstonmq@cnbc.com,Male,123.222.231.42
820,Theodor,Drable,tdrablemr@auda.org.au,Male,239.54.107.24
821,Darby,Manicom,dmanicomms@yellowpages.com,Male,165.6.37.16
822,Jillane,Greggersen,jgreggersenmt@soup.io,Female,77.190.245.183
823,Gerty,Scorer,gscorermu@yelp.com,Female,15.145.39.185
824,Chadwick,Rowen,crowenmv@quantcast.com,Male,46.130.115.52
825,Bellina,Pitman,bpitmanmw@comcast.net,Female,217.145.55.196
826,Octavia,Diehn,odiehnmx@youtu.be,Female,26.196.157.135
827,Gabbie,Bagenal,gbagenalmy@paginegialle.it,Female,176.118.181.119
828,Fionna,Zoephel,fzoephelmz@examiner.com,Female,157.224.70.206
829,Aline,Pilmoor,apilmoorn0@cafepress.com,Female,10.142.105.100
830,Kaleb,Castana,kcastanan1@hud.gov,Male,73.253.60.116
831,Katuscha,Sazio,ksazion2@diigo.com,Female,13.244.237.17
832,Nannette,Whimper,nwhimpern3@wsj.com,Female,226.141.145.123
833,Goddart,Loughlan,gloughlann4@dot.gov,Male,243.219.140.53
834,Pablo,Mc Carroll,pmccarrolln5@shinystat.com,Male,149.48.252.80
835,Vinnie,Manuello,vmanuellon6@forbes.com,Male,43.204.44.212
836,Husein,Seabrook,hseabrookn7@smugmug.com,Male,126.101.52.250
837,Brion,Wrankling,bwranklingn8@goodreads.com,Male,141.247.203.130
838,Renate,Kellogg,rkelloggn9@1und1.de,Female,137.128.218.93
839,Robinette,Eilhertsen,reilhertsenna@google.com.hk,Female,235.150.21.153
840,Sindee,Hidderley,shidderleynb@guardian.co.uk,Female,61.240.173.57
841,Blanca,Dimbylow,bdimbylownc@liveinternet.ru,Female,143.248.123.114
842,Laurette,Creese,lcreesend@wp.com,Female,16.187.155.84
843,Marsiella,Harmer,mharmerne@bing.com,Female,57.5.149.24
844,Vivien,Cato,vcatonf@thetimes.co.uk,Female,241.10.141.51
845,Blayne,Marte,bmarteng@chronoengine.com,Male,81.111.61.24
846,Gilly,Rosendorf,grosendorfnh@tmall.com,Female,166.67.151.92
847,Roseanna,Lissett,rlissettni@icq.com,Female,187.186.250.91
848,Kermie,Henryson,khenrysonnj@odnoklassniki.ru,Male,181.200.159.98
849,Gray,Hance,ghancenk@printfriendly.com,Male,35.48.133.172
850,Chauncey,Pinson,cpinsonnl@hatena.ne.jp,Male,128.125.90.211
851,Dorthea,Curreen,dcurreennm@nsw.gov.au,Female,215.236.149.206
852,Annadiana,Torry,atorrynn@flickr.com,Female,178.183.126.86
853,Rozelle,Kubatsch,rkubatschno@myspace.com,Female,36.11.194.224
854,Zuzana,Shobrook,zshobrooknp@quantcast.com,Female,159.219.51.113
855,Aliza,Smallsman,asmallsmannq@xing.com,Female,202.65.209.147
856,Melessa,Bolley,mbolleynr@cyberchimps.com,Female,140.25.20.75
857,Arlan,Hugonnet,ahugonnetns@nature.com,Male,233.86.187.208
858,Dwain,Khrishtafovich,dkhrishtafovichnt@phoca.cz,Male,106.9.144.192
859,Emalee,Brokenbrow,ebrokenbrownu@ca.gov,Female,160.95.196.181
860,Pietra,Bernardeschi,pbernardeschinv@wikispaces.com,Female,174.251.189.192
861,Glennie,Aylett,gaylettnw@cnbc.com,Female,192.194.124.23
862,Maris,Asquez,masqueznx@umn.edu,Female,126.80.181.233
863,Kira,Raffin,kraffinny@imageshack.us,Female,22.177.71.172
864,Rori,Gumley,rgumleynz@lycos.com,Female,27.53.86.169
865,Shara,Lorkings,slorkingso0@ning.com,Female,173.10.166.44
866,Dulcie,Jarman,djarmano1@vkontakte.ru,Female,58.43.68.129
867,Sacha,Haighton,shaightono2@live.com,Female,55.86.241.91
868,Patrizius,Hayball,phayballo3@earthlink.net,Male,45.47.151.81
869,Gilberte,Huygen,ghuygeno4@gnu.org,Female,93.138.207.153
870,Gwenora,Wynett,gwynetto5@bbc.co.uk,Female,132.10.124.100
871,Haily,Theaker,htheakero6@tinyurl.com,Male,133.4.184.1
872,Isak,Carlozzi,icarlozzio7@spotify.com,Male,87.141.76.242
873,Prinz,Dankersley,pdankersleyo8@people.com.cn,Male,87.97.100.2
874,Bernadina,Maudett,bmaudetto9@senate.gov,Female,83.171.129.133
875,Vivi,Aggas,vaggasoa@cloudflare.com,Female,175.111.95.107
876,Ogdon,Carrivick,ocarrivickob@mayoclinic.com,Male,64.42.198.88
877,Molli,Bennitt,mbennittoc@last.fm,Female,126.44.217.30
878,Henri,Frazier,hfrazierod@mozilla.org,Male,117.110.162.26
879,Myranda,Giffard,mgiffardoe@usa.gov,Female,109.147.70.163
880,Jobey,Bratten,jbrattenof@reuters.com,Female,144.180.245.111
881,Randy,Cowpe,rcowpeog@dmoz.org,Male,95.56.151.194
882,Germain,Huxster,ghuxsteroh@harvard.edu,Male,254.223.37.106
883,Ruttger,Domonkos,rdomonkosoi@tmall.com,Male,188.120.192.34
884,Cam,Valentin,cvalentinoj@topsy.com,Male,201.229.253.15
885,Carlin,Rulton,crultonok@statcounter.com,Male,237.5.210.243
886,Berti,Heinsh,bheinshol@blogger.com,Male,53.149.122.12
887,Dierdre,Labbez,dlabbezom@theglobeandmail.com,Female,10.98.201.158
888,Antoine,Odda,aoddaon@omniture.com,Male,55.251.168.249
889,Engelbert,Behnecke,ebehneckeoo@redcross.org,Male,110.78.253.85
890,Ulises,Wollers,uwollersop@ow.ly,Male,206.116.176.43
891,Lorant,Brame,lbrameoq@nydailynews.com,Male,196.202.170.68
892,Biron,Gavahan,bgavahanor@desdev.cn,Male,223.145.155.152
893,Arabela,Dombrell,adombrellos@ucoz.ru,Female,162.161.34.249
894,Gena,Butchart,gbutchartot@behance.net,Female,110.112.139.100
895,Lalo,Gabbot,lgabbotou@addthis.com,Male,19.21.19.85
896,Tucky,Renahan,trenahanov@meetup.com,Male,23.66.201.197
897,Far,Renton,frentonow@aol.com,Male,240.113.34.80
898,Meredeth,Shenfisch,mshenfischox@patch.com,Male,81.162.18.72
899,Margeaux,Borit,mboritoy@free.fr,Female,84.24.151.189
900,Filbert,Loving,flovingoz@apache.org,Male,95.130.245.247
901,Angel,Gunderson,agundersonp0@slideshare.net,Female,253.99.203.160
902,Roanna,Mildner,rmildnerp1@constantcontact.com,Female,251.116.163.196
903,Arron,Carpenter,acarpenterp2@yandex.ru,Male,41.142.244.143
904,Hermione,Yakubovich,hyakubovichp3@squarespace.com,Female,154.57.34.211
905,Meridith,Jost,mjostp4@naver.com,Female,119.245.5.171
906,Brenn,Covell,bcovellp5@blogs.com,Female,99.237.191.151
907,Weider,Elintune,welintunep6@csmonitor.com,Male,215.8.159.213
908,Ange,Pounsett,apounsettp7@msn.com,Female,146.101.191.161
909,Derk,Antrobus,dantrobusp8@hexun.com,Male,84.58.102.178
910,Lissa,Ionnidis,lionnidisp9@nymag.com,Female,252.54.194.188
911,Hasheem,Lannon,hlannonpa@mlb.com,Male,243.243.159.72
912,Andrei,Cranson,acransonpb@earthlink.net,Female,246.41.6.134
913,Sheff,Nye,snyepc@shop-pro.jp,Male,203.61.44.226
914,Melosa,Duinkerk,mduinkerkpd@state.tx.us,Female,28.66.39.47
915,Florian,Cowwell,fcowwellpe@theglobeandmail.com,Male,20.169.38.162
916,Gustaf,Heasly,gheaslypf@amazon.co.jp,Male,95.60.229.27
917,Jessey,Deveraux,jdeverauxpg@irs.gov,Male,207.136.208.127
918,Abeu,Reaveley,areaveleyph@addthis.com,Male,44.127.112.52
919,Wesley,Sambals,wsambalspi@admin.ch,Male,48.20.193.107
920,Jeramey,Rosenkrantz,jrosenkrantzpj@imgur.com,Male,78.131.132.99
921,Simona,Radnedge,sradnedgepk@noaa.gov,Female,8.248.177.94
922,Mufi,Keward,mkewardpl@ed.gov,Female,255.146.67.216
923,Asa,Rois,aroispm@ask.com,Male,4.192.0.252
924,Shelby,Bettenson,sbettensonpn@rediff.com,Female,222.217.8.130
925,Zabrina,Escalero,zescaleropo@bandcamp.com,Female,153.73.123.93
926,Wallas,Healing,whealingpp@cloudflare.com,Male,56.27.24.72
927,Holt,Ewenson,hewensonpq@oakley.com,Male,114.214.56.221
928,Stephana,Liven,slivenpr@cbsnews.com,Female,113.119.80.210
929,Baxy,Dering,bderingps@ning.com,Male,242.20.136.100
930,Cchaddie,Michurin,cmichurinpt@imageshack.us,Male,146.17.125.5
931,Padgett,Tingley,ptingleypu@dmoz.org,Male,94.106.111.115
932,Mariette,Hadleigh,mhadleighpv@icio.us,Female,95.72.39.82
933,Tyler,Sidon,tsidonpw@usda.gov,Male,14.2.137.233
934,Evin,Jardine,ejardinepx@cloudflare.com,Male,209.71.249.235
935,Aldwin,Ansill,aansillpy@moonfruit.com,Male,56.255.24.195
936,Enrico,Monnoyer,emonnoyerpz@washington.edu,Male,61.18.40.14
937,Park,Eliot,peliotq0@globo.com,Male,100.236.77.254
938,Sophia,Airs,sairsq1@domainmarket.com,Female,215.106.254.98
939,Jaime,Warden,jwardenq2@samsung.com,Male,216.217.52.72
940,Alli,Whitta,awhittaq3@360.cn,Female,200.84.214.23
941,Wynne,Rockcliffe,wrockcliffeq4@engadget.com,Female,139.252.155.159
942,Bobinette,McVicar,bmcvicarq5@stumbleupon.com,Female,204.170.66.223
943,Zedekiah,Culpan,zculpanq6@cbc.ca,Male,0.5.1.9
944,Aldin,Van Eeden,avaneedenq7@ning.com,Male,47.252.215.117
945,Shep,Tamburo,stamburoq8@nih.gov,Male,24.108.232.55
946,Jesus,Byrd,jbyrdq9@bbb.org,Male,254.10.210.9
947,Skipton,Slainey,sslaineyqa@howstuffworks.com,Male,15.29.11.241
948,Tiffie,MacDonogh,tmacdonoghqb@va.gov,Female,250.50.208.199
949,Salomi,Sprade,sspradeqc@google.co.uk,Female,165.169.64.223
950,Gal,Curedell,gcuredellqd@admin.ch,Male,228.148.174.161
951,Elizabeth,Emmitt,eemmittqe@nature.com,Female,240.192.180.3
952,Zolly,Finch,zfinchqf@free.fr,Male,77.132.148.211
953,Carmita,Fabri,cfabriqg@fc2.com,Female,84.35.204.197
954,Seth,Mazzei,smazzeiqh@istockphoto.com,Male,77.93.225.97
955,Raynard,Prest,rprestqi@wiley.com,Male,138.51.160.240
956,Micheline,Upex,mupexqj@berkeley.edu,Female,179.76.7.183
957,Cleveland,Janecek,cjanecekqk@gov.uk,Male,228.40.232.115
958,Tore,Petrusch,tpetruschql@jalbum.net,Male,40.54.55.65
959,Miltie,Pieters,mpietersqm@moonfruit.com,Male,93.46.251.176
960,Chadwick,Surby,csurbyqn@accuweather.com,Male,224.211.116.92
961,Ivar,Crollman,icrollmanqo@yelp.com,Male,136.42.157.16
962,Anetta,Spain-Gower,aspaingowerqp@plala.or.jp,Female,49.168.241.82
963,Yovonnda,Float,yfloatqq@slate.com,Female,198.10.86.5
964,Fanni,D'Onisi,fdonisiqr@hibu.com,Female,235.87.83.228
965,Janeczka,Kimblin,jkimblinqs@answers.com,Female,39.107.245.78
966,Crissy,Balser,cbalserqt@tripod.com,Female,22.191.235.82
967,Kennedy,Starie,kstariequ@livejournal.com,Male,254.105.236.105
968,Maje,Greer,mgreerqv@toplist.cz,Male,99.150.187.198
969,Chaddie,Parkman,cparkmanqw@clickbank.net,Male,65.133.146.163
970,Putnam,Cardenas,pcardenasqx@auda.org.au,Male,143.191.75.14
971,Dannel,Landrieu,dlandrieuqy@fc2.com,Male,234.240.254.21
972,Lemar,Hector,lhectorqz@sohu.com,Male,30.140.130.151
973,Cy,Skellern,cskellernr0@addthis.com,Male,6.8.3.151
974,Darn,Wrathmall,dwrathmallr1@washingtonpost.com,Male,132.238.118.36
975,Ernst,Bigrigg,ebigriggr2@woothemes.com,Male,255.6.235.126
976,Iain,Digger,idiggerr3@techcrunch.com,Male,7.49.76.140
977,Brita,Lambrick,blambrickr4@yellowpages.com,Female,43.99.14.223
978,Bailey,Wynrehame,bwynrehamer5@skyrock.com,Male,154.14.125.196
979,Farrel,Somes,fsomesr6@naver.com,Male,85.229.13.247
980,Dilly,Taill,dtaillr7@storify.com,Male,173.107.30.46
981,Renault,Stubbin,rstubbinr8@indiegogo.com,Male,208.216.117.192
982,Farr,Trulocke,ftrulocker9@loc.gov,Male,124.237.52.167
983,Skelly,O'Grady,sogradyra@scientificamerican.com,Male,219.32.29.249
984,Randal,De Zuani,rdezuanirb@icq.com,Male,197.69.128.235
985,Inesita,Beachamp,ibeachamprc@dailymotion.com,Female,18.214.8.118
986,Fidelity,Badgers,fbadgersrd@sphinn.com,Female,245.213.168.205
987,Kat,Kirkam,kkirkamre@stanford.edu,Female,134.197.27.224
988,Scotty,McKleod,smckleodrf@163.com,Male,118.48.163.17
989,Carolin,Pierrepont,cpierrepontrg@marriott.com,Female,227.175.86.247
990,Jedediah,Sogg,jsoggrh@blogtalkradio.com,Male,19.244.254.167
991,Bartholomeus,Kleinberer,bkleinbererri@sitemeter.com,Male,23.92.254.47
992,Karisa,Ruste,krusterj@ehow.com,Female,20.2.27.172
993,Victor,Flisher,vflisherrk@ovh.net,Male,142.31.71.129
994,Thatch,Madgett,tmadgettrl@senate.gov,Male,169.180.9.76
995,Yehudit,Zorener,yzorenerrm@deliciousdays.com,Male,193.169.185.81
996,Pauline,Waszczyk,pwaszczykrn@booking.com,Female,76.120.98.178
997,Evvy,Spadoni,espadoniro@unblog.fr,Female,5.161.141.67
998,Ramsay,Dalzell,rdalzellrp@sciencedaily.com,Male,10.130.156.130
999,Susette,Duggan,sdugganrq@phoca.cz,Female,252.242.143.241
1000,Shandeigh,Lesley,slesleyrr@godaddy.com,Female,11.226.95.73
