1,Salvador,Daily,sdaily0@samsung.com,Male,123.9.66.81
2,Evangelia,Meffin,emeffin1@ucla.edu,Female,109.142.1.32
3,Olva,O'Currine,oocurrine2@ucsd.edu,Female,199.112.253.193
4,Catharine,Tonner,ctonner3@redcross.org,Female,168.139.67.73
5,Moises,Zanolli,mzanolli4@webeden.co.uk,Male,93.54.254.229
6,Peg,Batthew,pbatthew5@sfgate.com,Female,189.231.199.171
7,Englebert,Blunsom,eblunsom6@slate.com,Male,52.241.4.16
8,Ilyse,Silverwood,isilverwood7@yellowbook.com,Female,183.76.145.218
9,George,O'Hdirscoll,gohdirscoll8@g.co,Male,42.151.89.112
10,Leonie,Maycock,lmaycock9@google.it,Female,161.190.135.28
11,Yorke,Mathison,ymathisona@earthlink.net,Male,118.89.158.36
12,Meredithe,Grassot,mgrassotb@yale.edu,Female,182.238.135.215
13,Biddie,Munford,bmunfordc@reuters.com,Female,40.232.113.127
14,Monro,Chillingworth,mchillingworthd@amazon.com,Male,90.70.151.137
15,Dean,Christofe,dchristofee@topsy.com,Male,35.97.19.129
16,Kelsey,Jaray,kjarayf@comsenz.com,Female,250.98.248.115
17,Nesta,Hooks,nhooksg@elpais.com,Female,95.51.97.100
18,Nikaniki,Febvre,nfebvreh@paginegialle.it,Female,151.13.133.218
19,Camey,Gohn,cgohni@w3.org,Male,129.45.221.157
20,Esme,Badman,ebadmanj@ezinearticles.com,Female,53.175.6.85
21,Julianna,Gipp,jgippk@sohu.com,Female,55.154.250.174
22,Ronni,Cubley,rcubleyl@youku.com,Female,33.188.225.77
23,Shayne,McLurg,smclurgm@dion.ne.jp,Female,77.120.125.154
24,Clevie,Sinclar,csinclarn@ehow.com,Male,53.2.40.51
25,Milli,Casotti,mcasottio@ox.ac.uk,Female,233.225.1.43
26,Julietta,Planque,jplanquep@msn.com,Female,200.18.181.94
27,Catlee,Landreth,clandrethq@wp.com,Female,103.102.205.21
28,Hunt,Hancorn,hhancornr@storify.com,Male,94.247.71.11
29,Cross,Grimwood,cgrimwoods@google.ca,Male,203.181.88.210
30,Patin,Hazeldene,phazeldenet@meetup.com,Male,59.221.193.161
31,Darline,Tame,dtameu@irs.gov,Female,135.72.21.121
32,Ryun,Snibson,rsnibsonv@acquirethisname.com,Male,216.235.207.177
33,Reuben,Kilkenny,rkilkennyw@ehow.com,Male,142.114.38.39
34,Ricoriki,Anderton,randertonx@zdnet.com,Male,137.135.54.99
35,Melony,Blackater,mblackatery@webmd.com,Female,62.5.2.72
36,Rick,Covington,rcovingtonz@1688.com,Male,20.223.143.1
37,Florida,Parnby,fparnby10@delicious.com,Female,87.226.43.176
38,Claudie,Grigoriscu,cgrigoriscu11@forbes.com,Female,138.19.168.110
39,Kinsley,Dunmore,kdunmore12@webmd.com,Male,134.94.167.122
40,Pancho,Gartenfeld,pgartenfeld13@youtu.be,Male,233.33.246.252
41,Tilda,Hallifax,thallifax14@umn.edu,Female,33.151.23.141
42,Drud,Cudihy,dcudihy15@weather.com,Male,9.137.16.207
43,Kylila,Crowson,kcrowson16@google.nl,Female,234.123.222.100
44,Hermy,Stenyng,hstenyng17@blogger.com,Male,171.79.106.103
45,Lea,Chalke,lchalke18@fc2.com,Female,196.181.172.8
46,Marshal,Simionato,msimionato19@wired.com,Male,134.206.99.242
47,Danny,Georg,dgeorg1a@posterous.com,Female,188.138.210.236
48,Dorelia,Ginglell,dginglell1b@nytimes.com,Female,19.33.93.136
49,Guilbert,Tomczynski,gtomczynski1c@ftc.gov,Male,253.117.15.111
50,Jilleen,Dabourne,jdabourne1d@unblog.fr,Female,214.131.227.134
51,Francyne,Plaschke,fplaschke1e@europa.eu,Female,91.153.42.198
52,Alden,Karppi,akarppi1f@geocities.com,Male,194.172.40.241
53,Vassily,Crayker,vcrayker1g@geocities.jp,Male,252.247.63.60
54,Genna,Lahiff,glahiff1h@omniture.com,Female,24.78.7.43
55,Allistir,Morsey,amorsey1i@hostgator.com,Male,219.63.88.142
56,Carlin,Lindmark,clindmark1j@mediafire.com,Male,82.48.154.44
57,Jonell,Kohler,jkohler1k@dion.ne.jp,Female,198.7.191.116
58,Coretta,Philippault,cphilippault1l@google.co.uk,Female,62.221.131.56
59,Frannie,Devonside,fdevonside1m@pagesperso-orange.fr,Female,123.183.10.112
60,Trever,Franssen,tfranssen1n@pen.io,Male,167.85.122.100
61,Livia,Scamadine,lscamadine1o@ucsd.edu,Female,69.92.214.213
62,Janeen,Dreakin,jdreakin1p@squarespace.com,Female,122.149.244.42
63,Kerry,Rosgen,krosgen1q@mit.edu,Male,187.127.44.142
64,Gallard,Dronsfield,gdronsfield1r@shinystat.com,Male,25.199.86.109
65,Keeley,Stebbins,kstebbins1s@unesco.org,Female,105.42.125.1
66,Ninetta,Speedin,nspeedin1t@cdbaby.com,Female,37.190.137.153
67,Nolan,Fooks,nfooks1u@utexas.edu,Male,128.131.169.90
68,Anallese,Kubiak,akubiak1v@canalblog.com,Female,99.143.204.196
69,Adrien,Beloe,abeloe1w@joomla.org,Male,53.158.211.210
70,Egbert,Prendiville,eprendiville1x@ocn.ne.jp,Male,53.246.163.50
71,Pail,Zammitt,pzammitt1y@businessinsider.com,Male,239.206.21.2
72,Vally,McColley,vmccolley1z@yolasite.com,Female,152.69.214.166
73,Brook,Charopen,bcharopen20@intel.com,Male,8.253.194.83
74,Lockwood,Stollsteiner,lstollsteiner21@uol.com.br,Male,231.160.197.35
75,Lina,Dacks,ldacks22@technorati.com,Female,122.60.79.207
76,Babbie,Yeoland,byeoland23@chicagotribune.com,Female,242.175.131.92
77,Lani,Rois,lrois24@guardian.co.uk,Female,218.148.41.82
78,Pierson,Glyssanne,pglyssanne25@archive.org,Male,101.225.113.186
79,Faustine,Gatherer,fgatherer26@geocities.jp,Female,44.41.99.170
80,Asher,Joselson,ajoselson27@flickr.com,Male,81.68.185.203
81,Pauli,Saur,psaur28@huffingtonpost.com,Female,176.226.54.26
82,Hollyanne,Cord,hcord29@ezinearticles.com,Female,140.248.230.105
83,Sansone,Lomasny,slomasny2a@sphinn.com,Male,98.205.87.121
84,Ivett,Wooderson,iwooderson2b@baidu.com,Female,119.100.215.84
85,Berget,Quan,bquan2c@nytimes.com,Female,4.206.66.218
86,Camille,Aherne,caherne2d@google.ca,Female,52.194.247.178
87,Andrea,Brilleman,abrilleman2e@ycombinator.com,Female,114.211.48.77
88,Matthus,Rough,mrough2f@bloomberg.com,Male,218.113.192.166
89,Darlene,Culmer,dculmer2g@zdnet.com,Female,164.40.31.93
90,Doretta,Clothier,dclothier2h@sitemeter.com,Female,45.72.174.237
91,Tam,Escofier,tescofier2i@fc2.com,Male,181.251.69.245
92,Danyelle,Dalmon,ddalmon2j@1688.com,Female,18.81.26.9
93,Sonnnie,Pawley,spawley2k@sourceforge.net,Female,178.139.25.142
94,Chryste,Edmenson,cedmenson2l@usgs.gov,Female,89.112.151.241
95,Madlin,McQuirter,mmcquirter2m@dell.com,Female,183.49.56.143
96,Tye,Undrell,tundrell2n@nationalgeographic.com,Male,94.65.119.87
97,Foster,Widocks,fwidocks2o@deliciousdays.com,Male,140.194.153.89
98,Ebony,Shackle,eshackle2p@simplemachines.org,Female,170.228.247.169
99,Willy,Yokley,wyokley2q@cnn.com,Male,63.236.33.2
100,Karlene,Aspling,kaspling2r@samsung.com,Female,20.214.20.76
101,Marthe,Tanswell,mtanswell2s@blogtalkradio.com,Female,112.251.168.197
102,Bren,Hercules,bhercules2t@stumbleupon.com,Female,230.24.51.192
103,Elka,Goodbarne,egoodbarne2u@admin.ch,Female,175.54.85.138
104,Ricca,Dugmore,rdugmore2v@jimdo.com,Female,214.248.225.233
105,Reggie,Priditt,rpriditt2w@vistaprint.com,Female,0.218.222.158
106,Bruis,Harnes,bharnes2x@hibu.com,Male,68.200.236.163
107,Alessandro,Bavridge,abavridge2y@gnu.org,Male,63.1.221.147
108,Nevile,Keddie,nkeddie2z@fc2.com,Male,96.77.106.245
109,Norrie,Derrell,nderrell30@accuweather.com,Female,105.185.208.202
110,Charlene,Fassbender,cfassbender31@ibm.com,Female,221.141.185.201
111,Moses,Fear,mfear32@miibeian.gov.cn,Male,127.254.72.61
112,Mel,Cockson,mcockson33@nytimes.com,Female,227.194.178.106
113,Dari,Allain,dallain34@scientificamerican.com,Female,127.107.223.252
114,Delbert,Waind,dwaind35@amazon.co.jp,Male,1.245.243.59
115,Mady,Whiteoak,mwhiteoak36@cisco.com,Female,223.162.79.64
116,Christean,Rouch,crouch37@mozilla.com,Female,196.190.130.213
117,Verina,De la Harpe,vdelaharpe38@spiegel.de,Female,205.146.150.48
118,Garrott,Shoppee,gshoppee39@prweb.com,Male,182.78.243.92
119,Killian,Bahls,kbahls3a@samsung.com,Male,88.217.183.222
120,Justinn,Cohen,jcohen3b@stumbleupon.com,Female,236.136.107.31
121,Augustina,Littrick,alittrick3c@craigslist.org,Female,96.29.224.113
122,Kattie,Schwand,kschwand3d@marketwatch.com,Female,230.53.84.56
123,Alleyn,Swaddle,aswaddle3e@ed.gov,Male,133.143.15.254
124,Koralle,Satterley,ksatterley3f@altervista.org,Female,78.233.228.181
125,Corilla,Starten,cstarten3g@virginia.edu,Female,218.234.16.168
126,Zackariah,Merriment,zmerriment3h@samsung.com,Male,134.110.4.136
127,Putnam,Giannotti,pgiannotti3i@sciencedirect.com,Male,16.209.72.5
128,Evan,Mc Mechan,emcmechan3j@princeton.edu,Male,48.198.244.33
129,Sly,Mcwhinney,smcwhinney3k@wp.com,Male,9.180.36.202
130,Karia,Scolding,kscolding3l@umn.edu,Female,92.209.104.16
131,Beryl,Mufford,bmufford3m@blogs.com,Female,6.131.55.9
132,Nappy,Hastin,nhastin3n@timesonline.co.uk,Male,74.166.210.250
133,Enrico,Likely,elikely3o@wp.com,Male,121.250.171.51
134,Enrichetta,Mulmuray,emulmuray3p@live.com,Female,57.89.232.205
135,Darrell,Hartgill,dhartgill3q@odnoklassniki.ru,Male,177.169.27.169
136,Bobine,Stearne,bstearne3r@reference.com,Female,103.59.72.55
137,Andrei,Alderson,aalderson3s@pagesperso-orange.fr,Female,79.193.121.232
138,Sigismondo,Flowers,sflowers3t@cbc.ca,Male,189.33.141.218
139,Issi,Shambrook,ishambrook3u@ebay.co.uk,Female,152.32.98.29
140,Athena,Launder,alaunder3v@state.tx.us,Female,178.108.41.0
141,Alysia,Brugman,abrugman3w@com.com,Female,189.141.32.113
142,Myer,Monier,mmonier3x@blogs.com,Male,165.243.128.36
143,Eleen,Gidley,egidley3y@washington.edu,Female,37.32.237.146
144,Elden,Marchant,emarchant3z@unesco.org,Male,32.161.59.61
145,Lettie,Marrian,lmarrian40@livejournal.com,Female,112.245.158.83
146,Prisca,Redwin,predwin41@constantcontact.com,Female,48.134.254.172
147,Jarret,Blenkinship,jblenkinship42@rambler.ru,Male,129.88.121.79
148,Ladonna,Widdall,lwiddall43@ustream.tv,Female,212.120.74.63
149,Ellerey,Handlin,ehandlin44@upenn.edu,Male,93.139.36.153
150,Markus,Adshead,madshead45@nhs.uk,Male,147.107.30.99
151,Flem,Stranieri,fstranieri46@unesco.org,Male,47.10.224.128
152,Thomasina,Lishman,tlishman47@phoca.cz,Female,217.146.49.234
153,Therese,Horder,thorder48@networksolutions.com,Female,151.26.156.86
154,Rowland,Choppin,rchoppin49@vk.com,Male,152.5.61.126
155,Murdock,Ortsmann,mortsmann4a@sakura.ne.jp,Male,116.187.90.183
156,Gwenny,Hearns,ghearns4b@washington.edu,Female,50.8.23.66
157,Merla,Sayton,msayton4c@mail.ru,Female,100.129.4.210
158,Tamara,Geer,tgeer4d@google.com.br,Female,215.90.46.148
159,Gavra,Wieprecht,gwieprecht4e@webnode.com,Female,189.23.249.190
160,Athena,Sweetman,asweetman4f@lulu.com,Female,93.86.158.187
161,Nisse,Askin,naskin4g@narod.ru,Female,131.30.111.119
162,Nari,Lorenzo,nlorenzo4h@spotify.com,Female,35.160.146.43
163,Kenton,Malkin,kmalkin4i@elpais.com,Male,67.79.107.194
164,Hynda,Housin,hhousin4j@umich.edu,Female,162.51.185.146
165,Merell,Gypps,mgypps4k@hibu.com,Male,130.137.78.36
166,Jeromy,Issacoff,jissacoff4l@is.gd,Male,80.83.148.200
167,Johnette,Robbey,jrobbey4m@guardian.co.uk,Female,143.106.214.30
168,Shandra,Birkmyr,sbirkmyr4n@typepad.com,Female,139.165.166.18
169,Erminia,Slogrove,eslogrove4o@cisco.com,Female,151.109.16.51
170,Timmie,Leggett,tleggett4p@japanpost.jp,Male,254.77.15.16
171,Van,Sparry,vsparry4q@dell.com,Male,234.92.7.213
172,Cindi,Diem,cdiem4r@prweb.com,Female,186.142.102.166
173,Archer,Dullaghan,adullaghan4s@ning.com,Male,226.100.254.255
174,Jodi,Hablet,jhablet4t@cafepress.com,Female,41.97.219.111
175,Hew,Klimochkin,hklimochkin4u@linkedin.com,Male,4.234.23.59
176,Rycca,Harriskine,rharriskine4v@sourceforge.net,Female,53.91.74.248
177,Maximilien,Hutcheson,mhutcheson4w@bloomberg.com,Male,181.81.151.194
178,Alain,Blesdill,ablesdill4x@booking.com,Male,203.92.105.230
179,Giacobo,Dike,gdike4y@cyberchimps.com,Male,14.80.16.75
180,Buffy,Rutigliano,brutigliano4z@nydailynews.com,Female,199.14.56.200
181,Druci,Bayford,dbayford50@usda.gov,Female,165.202.68.179
182,Cameron,Grief,cgrief51@purevolume.com,Male,152.23.79.119
183,Nollie,Ruberti,nruberti52@chronoengine.com,Male,156.149.246.121
184,Averil,Friend,afriend53@cloudflare.com,Female,161.254.21.6
185,Claudell,Ruslinge,cruslinge54@mapy.cz,Male,147.199.54.218
186,Mirelle,Scantlebury,mscantlebury55@devhub.com,Female,220.116.177.169
187,Vincent,Sparrowe,vsparrowe56@tmall.com,Male,83.131.71.197
188,Eberhard,Raccio,eraccio57@blogtalkradio.com,Male,130.54.228.222
189,Annie,Lude,alude58@mysql.com,Female,234.145.234.142
190,Sherye,Nower,snower59@opera.com,Female,140.219.112.70
191,Anette,Talloe,atalloe5a@telegraph.co.uk,Female,206.146.127.48
192,Garik,Ethelstone,gethelstone5b@ehow.com,Male,73.132.226.128
193,Judon,Cobley,jcobley5c@networkadvertising.org,Male,8.150.224.31
194,Garland,Spyer,gspyer5d@google.pl,Female,174.160.144.16
195,Netta,Waitland,nwaitland5e@smugmug.com,Female,36.19.18.37
196,Doretta,Breach,dbreach5f@apache.org,Female,30.6.230.164
197,Friederike,Androck,fandrock5g@ehow.com,Female,221.140.68.187
198,Nannette,Normanville,nnormanville5h@vistaprint.com,Female,228.213.5.166
199,Akim,Madgin,amadgin5i@nymag.com,Male,91.127.35.105
200,Grethel,Gubbins,ggubbins5j@cbsnews.com,Female,191.105.220.179
201,Grete,Steger,gsteger5k@accuweather.com,Female,188.90.87.53
202,Julie,Hayhurst,jhayhurst5l@google.co.uk,Male,235.189.84.69
203,Sofie,Noad,snoad5m@quantcast.com,Female,198.144.38.161
204,Margalit,Whitney,mwhitney5n@upenn.edu,Female,18.106.145.8
205,Ferd,Bortolutti,fbortolutti5o@nytimes.com,Male,200.88.83.194
206,Wilfrid,New,wnew5p@columbia.edu,Male,171.204.70.88
207,Burnaby,Chick,bchick5q@desdev.cn,Male,35.18.87.124
208,Ruggiero,Shuker,rshuker5r@opera.com,Male,84.59.181.179
209,Weidar,Taffarello,wtaffarello5s@timesonline.co.uk,Male,110.129.252.146
210,Donetta,Bampforth,dbampforth5t@cbc.ca,Female,105.85.65.250
211,Scotty,Meuse,smeuse5u@fda.gov,Male,198.31.101.93
212,Jobey,Larmett,jlarmett5v@nymag.com,Female,168.127.242.46
213,Leona,Cameli,lcameli5w@phoca.cz,Female,103.33.234.209
214,Genovera,Trevethan,gtrevethan5x@twitter.com,Female,106.192.59.80
215,Orville,Mussalli,omussalli5y@epa.gov,Male,84.135.57.169
216,Richy,Lamar,rlamar5z@about.com,Male,206.188.247.227
217,Devonna,Panichelli,dpanichelli60@yahoo.com,Female,158.67.187.79
218,Elna,Eddleston,eeddleston61@fema.gov,Female,217.30.152.59
219,Ophelie,Leathers,oleathers62@nymag.com,Female,142.215.184.60
220,Lisle,GiacobbiniJacob,lgiacobbinijacob63@pcworld.com,Male,239.237.53.246
221,Johannes,Sarfat,jsarfat64@barnesandnoble.com,Male,47.79.5.189
222,Theo,McIlhatton,tmcilhatton65@msu.edu,Female,161.198.149.109
223,Filmore,Tunna,ftunna66@aol.com,Male,115.71.198.17
224,Felicle,Mattinson,fmattinson67@hugedomains.com,Female,252.181.177.233
225,Erroll,Westphalen,ewestphalen68@spotify.com,Male,81.232.111.195
226,Loralyn,Goble,lgoble69@dyndns.org,Female,106.106.192.129
227,Elisabeth,Randales,erandales6a@lycos.com,Female,10.69.42.45
228,Deeyn,Pash,dpash6b@umich.edu,Female,220.138.189.38
229,Patric,Brimblecombe,pbrimblecombe6c@ameblo.jp,Male,242.126.10.218
230,Felike,Tapin,ftapin6d@usda.gov,Male,76.198.209.83
231,Meredith,Walentynowicz,mwalentynowicz6e@sakura.ne.jp,Female,240.128.162.189
232,Bessy,Oller,boller6f@amazonaws.com,Female,90.140.134.44
233,Matty,Pickston,mpickston6g@netvibes.com,Female,192.133.28.31
234,Alberto,Tite,atite6h@edublogs.org,Male,216.2.242.242
235,Meridel,Sivill,msivill6i@360.cn,Female,68.78.155.178
236,Cordell,Theml,ctheml6j@cbslocal.com,Male,167.221.81.213
237,Norris,Schleicher,nschleicher6k@gnu.org,Male,223.70.4.31
238,Justinn,Carnock,jcarnock6l@phoca.cz,Female,111.223.20.103
239,Robby,Lindenbluth,rlindenbluth6m@discovery.com,Female,211.127.222.229
240,Arabelle,Kelsall,akelsall6n@blog.com,Female,227.152.162.27
241,Kacey,Hamlen,khamlen6o@tiny.cc,Female,236.30.78.222
242,Layton,Meadway,lmeadway6p@storify.com,Male,229.79.58.227
243,Timmi,Ghidetti,tghidetti6q@state.tx.us,Female,206.229.210.1
244,Sharia,Nathon,snathon6r@merriam-webster.com,Female,23.216.118.62
245,Eartha,Kitchenman,ekitchenman6s@tmall.com,Female,49.92.195.171
246,Dukie,Pawnsford,dpawnsford6t@state.tx.us,Male,154.212.99.241
247,Lorri,Whyborne,lwhyborne6u@reddit.com,Female,230.59.159.9
248,Kearney,Saylor,ksaylor6v@phpbb.com,Male,83.225.9.30
249,Sofie,Yacob,syacob6w@ameblo.jp,Female,119.227.54.41
250,Catina,Drewery,cdrewery6x@merriam-webster.com,Female,156.128.240.184
251,Sidonia,Josipovitz,sjosipovitz6y@tripod.com,Female,18.195.85.103
252,Danni,Kopf,dkopf6z@w3.org,Female,236.120.240.232
253,Garwin,Sparkes,gsparkes70@blogs.com,Male,143.162.20.250
254,Cyndy,Dussy,cdussy71@reference.com,Female,112.225.241.8
255,Nessy,Oake,noake72@java.com,Female,240.24.161.149
256,Caesar,Garvagh,cgarvagh73@drupal.org,Male,188.80.10.54
257,Malachi,Prydden,mprydden74@ow.ly,Male,61.253.90.73
258,Rahal,Crofthwaite,rcrofthwaite75@nifty.com,Female,157.103.57.130
259,Michaeline,Willox,mwillox76@oakley.com,Female,178.214.192.54
260,Melessa,Johns,mjohns77@youtu.be,Female,22.100.87.196
261,Bram,Haycraft,bhaycraft78@sfgate.com,Male,83.15.124.169
262,Meryl,Sambrook,msambrook79@amazonaws.com,Female,128.182.7.169
263,Joan,Bamling,jbamling7a@taobao.com,Female,35.32.48.30
264,Merrie,Ksandra,mksandra7b@cocolog-nifty.com,Female,19.153.253.116
265,Amil,Alldritt,aalldritt7c@livejournal.com,Female,149.168.180.202
266,Lou,Kett,lkett7d@instagram.com,Female,191.192.164.223
267,Lorita,Load,lload7e@i2i.jp,Female,11.47.11.243
268,Bethanne,Albasini,balbasini7f@homestead.com,Female,171.111.73.164
269,Adore,Barensen,abarensen7g@ftc.gov,Female,78.109.96.247
270,Benson,Padson,bpadson7h@businesswire.com,Male,98.253.68.183
271,Corine,Cuel,ccuel7i@over-blog.com,Female,170.164.169.208
272,Leonid,Henke,lhenke7j@sina.com.cn,Male,142.87.43.195
273,Ralina,Manueau,rmanueau7k@sbwire.com,Female,1.234.65.115
274,Ange,Cabera,acabera7l@csmonitor.com,Female,162.183.223.193
275,Viv,Mellodey,vmellodey7m@meetup.com,Female,71.55.138.235
276,Rand,Moreno,rmoreno7n@techcrunch.com,Male,79.117.211.225
277,Dreddy,Hatherill,dhatherill7o@jimdo.com,Female,90.118.182.154
278,Cornelia,Dumbreck,cdumbreck7p@fotki.com,Female,49.46.29.19
279,La verne,Crix,lcrix7q@wunderground.com,Female,86.252.70.163
280,Yevette,Riccardini,yriccardini7r@cbc.ca,Female,28.59.214.63
281,Dena,Takos,dtakos7s@bravesites.com,Female,90.174.92.197
282,Kerr,Goodliff,kgoodliff7t@cpanel.net,Male,150.162.82.1
283,Darrelle,Le feuvre,dlefeuvre7u@vk.com,Female,253.2.215.245
284,Mickie,Masden,mmasden7v@aol.com,Male,190.157.186.133
285,Norma,Blackstock,nblackstock7w@sakura.ne.jp,Female,104.119.74.4
286,Atlanta,Joskowitz,ajoskowitz7x@imageshack.us,Female,24.9.197.217
287,Leigha,Willden,lwillden7y@free.fr,Female,115.149.244.104
288,Emelen,Daldan,edaldan7z@ft.com,Male,47.116.115.177
289,Keith,Hallows,khallows80@imgur.com,Male,225.104.217.11
290,Toiboid,Lent,tlent81@purevolume.com,Male,106.45.134.173
291,Aurora,Leaton,aleaton82@wikimedia.org,Female,161.198.60.2
292,Phyllida,Loweth,ploweth83@topsy.com,Female,61.149.161.62
293,Johnny,Kyttor,jkyttor84@businessweek.com,Male,137.152.15.91
294,Darlleen,Mantle,dmantle85@cornell.edu,Female,158.65.211.112
295,Natalie,Cheetham,ncheetham86@last.fm,Female,93.216.210.90
296,Gerald,Benns,gbenns87@nhs.uk,Male,83.28.27.198
297,Chip,Cowill,ccowill88@wordpress.com,Male,14.174.38.5
298,Becka,Hobell,bhobell89@shutterfly.com,Female,80.241.216.206
299,Kelly,Chesworth,kchesworth8a@cloudflare.com,Female,54.124.130.45
300,Arielle,Catherall,acatherall8b@rambler.ru,Female,88.216.150.241
301,Darla,Bearham,dbearham8c@wp.com,Female,22.124.47.201
302,Claudianus,Syres,csyres8d@ed.gov,Male,26.180.173.131
303,Monroe,Ilden,milden8e@pen.io,Male,208.149.211.173
304,Herbie,Akerman,hakerman8f@dmoz.org,Male,18.34.115.152
305,Margie,Baskeyfield,mbaskeyfield8g@theglobeandmail.com,Female,212.195.22.134
306,Augustine,Saing,asaing8h@chron.com,Male,58.230.5.247
307,Alex,Piatto,apiatto8i@aboutads.info,Female,184.182.1.71
308,Ginelle,Norris,gnorris8j@guardian.co.uk,Female,157.16.95.245
309,Melodee,Hitter,mhitter8k@twitter.com,Female,198.223.151.236
310,Miran,Dyerson,mdyerson8l@a8.net,Female,145.84.91.167
311,Berny,Yanyshev,byanyshev8m@dailymotion.com,Female,244.187.196.196
312,Suzann,Meth,smeth8n@hc360.com,Female,106.201.209.142
313,Marcelia,Conigsby,mconigsby8o@tiny.cc,Female,153.242.84.72
314,Dasi,Mouser,dmouser8p@icq.com,Female,31.112.71.193
315,Menard,O'Henehan,mohenehan8q@abc.net.au,Male,5.151.204.107
316,Ruddie,Proske,rproske8r@umich.edu,Male,250.100.124.30
317,Rachelle,Sleath,rsleath8s@edublogs.org,Female,173.239.99.227
318,Lukas,Hortop,lhortop8t@cbsnews.com,Male,116.35.84.232
319,Timofei,Pestor,tpestor8u@businessinsider.com,Male,66.63.195.170
320,Muire,Russen,mrussen8v@who.int,Female,251.127.174.168
321,Lonnie,Roizin,lroizin8w@furl.net,Male,165.184.195.64
322,Camile,Logesdale,clogesdale8x@bbc.co.uk,Female,157.138.194.23
323,Hanna,Huchot,hhuchot8y@pagesperso-orange.fr,Female,135.166.51.77
324,Tatiania,Ludovici,tludovici8z@nytimes.com,Female,47.167.26.228
325,Addison,Alti,aalti90@ucsd.edu,Male,53.104.193.221
326,Jordana,Laviste,jlaviste91@taobao.com,Female,205.65.236.184
327,Erick,Speare,espeare92@spiegel.de,Male,75.13.69.157
328,Bogey,Ledingham,bledingham93@trellian.com,Male,252.246.214.74
329,Issy,Ronnay,ironnay94@printfriendly.com,Female,175.177.189.192
330,Sonia,O'Sculley,sosculley95@icio.us,Female,200.166.103.212
331,Oralee,Meneghi,omeneghi96@mail.ru,Female,9.99.28.221
332,Dani,Snashall,dsnashall97@ycombinator.com,Female,89.178.158.139
333,Jeanette,Mallan,jmallan98@businessinsider.com,Female,206.136.159.165
334,Paddie,Rawstorn,prawstorn99@photobucket.com,Male,206.139.34.200
335,Aurelie,McKellen,amckellen9a@patch.com,Female,214.254.249.192
336,Fergus,Gowrie,fgowrie9b@cnet.com,Male,249.66.59.241
337,Shelly,Jensen,sjensen9c@addthis.com,Female,95.40.40.198
338,Halsy,Shardlow,hshardlow9d@wisc.edu,Male,29.17.169.250
339,Seline,Horsburgh,shorsburgh9e@irs.gov,Female,161.238.233.31
340,Alex,Dallosso,adallosso9f@elpais.com,Female,198.153.165.103
341,Kipper,Bastow,kbastow9g@vkontakte.ru,Male,125.84.175.151
342,Torey,Forge,tforge9h@creativecommons.org,Female,47.247.43.7
343,Bettina,Vipan,bvipan9i@yahoo.co.jp,Female,162.246.75.243
344,Neilla,Cridland,ncridland9j@homestead.com,Female,184.91.70.68
345,Agnella,Brokenshaw,abrokenshaw9k@dion.ne.jp,Female,100.20.193.205
346,Nikolas,Woodfield,nwoodfield9l@artisteer.com,Male,109.239.119.4
347,Richmound,Clements,rclements9m@mashable.com,Male,21.174.93.50
348,Teodoro,Petersen,tpetersen9n@rakuten.co.jp,Male,42.29.116.59
349,Hildy,Arboine,harboine9o@sphinn.com,Female,178.108.180.149
350,Darlene,Graddon,dgraddon9p@squidoo.com,Female,123.180.33.250
351,Gardy,Cruft,gcruft9q@e-recht24.de,Male,243.93.102.58
352,Gabriello,Leffek,gleffek9r@marriott.com,Male,99.136.67.197
353,Dierdre,Dannohl,ddannohl9s@smugmug.com,Female,112.217.233.136
354,Beatriz,Clougher,bclougher9t@amazon.co.uk,Female,116.105.135.16
355,Jasun,Flewett,jflewett9u@cisco.com,Male,85.252.40.239
356,Verne,Bennoe,vbennoe9v@statcounter.com,Male,215.1.14.151
357,Viviyan,Lackemann,vlackemann9w@reverbnation.com,Female,231.163.38.173
358,Allyn,Enoch,aenoch9x@thetimes.co.uk,Male,254.72.161.147
359,Port,Siene,psiene9y@baidu.com,Male,221.14.130.44
360,Valaria,Jillings,vjillings9z@salon.com,Female,101.76.236.190
361,Robin,Groven,rgrovena0@digg.com,Male,79.5.246.222
362,Nicolea,Sigert,nsigerta1@mayoclinic.com,Female,33.128.0.105
363,Aurelea,Brezlaw,abrezlawa2@apache.org,Female,42.14.20.1
364,Anya,Ivannikov,aivannikova3@nba.com,Female,254.108.11.0
365,Blanche,Fayerman,bfayermana4@sohu.com,Female,14.193.110.34
366,Mira,Gribbins,mgribbinsa5@deviantart.com,Female,254.106.224.58
367,Faun,Ceaser,fceasera6@sitemeter.com,Female,179.63.40.141
368,Townsend,Gillyatt,tgillyatta7@edublogs.org,Male,61.238.86.162
369,Codie,Shark,csharka8@mac.com,Male,152.222.81.223
370,Guinevere,Wimmer,gwimmera9@whitehouse.gov,Female,225.244.80.203
371,Petronille,Lucock,plucockaa@artisteer.com,Female,55.228.55.231
372,Raymond,Slides,rslidesab@shinystat.com,Male,222.37.51.38
373,Leena,Marder,lmarderac@wikipedia.org,Female,76.247.7.171
374,Rafaelita,De La Salle,rdelasallead@homestead.com,Female,183.255.199.235
375,Rod,Ricker,rrickerae@blogspot.com,Male,201.205.193.32
376,Betty,Crichley,bcrichleyaf@wiley.com,Female,15.57.165.10
377,Vina,Metson,vmetsonag@deliciousdays.com,Female,55.145.48.25
378,Francesca,Lewsey,flewseyah@about.com,Female,208.229.163.92
379,Auroora,Dethloff,adethloffai@netlog.com,Female,235.198.51.196
380,Carmela,Marwood,cmarwoodaj@ftc.gov,Female,219.174.75.207
381,Barnaby,Godbald,bgodbaldak@tripadvisor.com,Male,234.245.194.188
382,Lindsay,Saundercock,lsaundercockal@scientificamerican.com,Male,148.68.6.35
383,Verge,Skeemer,vskeemeram@blogtalkradio.com,Male,143.127.211.105
384,Velvet,Perigeaux,vperigeauxan@huffingtonpost.com,Female,80.42.145.17
385,Kris,Athow,kathowao@xinhuanet.com,Male,115.56.118.122
386,Valentin,Reagan,vreaganap@booking.com,Male,116.81.98.231
387,Claudetta,Lammers,clammersaq@discovery.com,Female,116.76.246.94
388,Celestyn,De Blase,cdeblasear@g.co,Female,59.8.189.130
389,Jdavie,Pharaoh,jpharaohas@exblog.jp,Male,122.220.232.9
390,Michail,Finlason,mfinlasonat@123-reg.co.uk,Male,55.37.207.160
391,Bastian,Trevance,btrevanceau@blogspot.com,Male,11.90.127.127
392,Renault,Odegaard,rodegaardav@unc.edu,Male,131.195.31.35
393,Linet,Gilley,lgilleyaw@gmpg.org,Female,204.69.191.12
394,Vite,Chalcroft,vchalcroftax@reference.com,Male,111.176.152.119
395,Tommi,Stanluck,tstanluckay@acquirethisname.com,Female,132.232.66.198
396,Mozes,Gunnell,mgunnellaz@unicef.org,Male,176.134.9.99
397,Chandler,Chable,cchableb0@pen.io,Male,207.173.233.32
398,Bertram,Quarrie,bquarrieb1@ocn.ne.jp,Male,214.170.179.15
399,Melly,Malenfant,mmalenfantb2@forbes.com,Female,249.216.69.136
400,Yoko,Gleeson,ygleesonb3@godaddy.com,Female,250.157.233.24
401,Alisha,Heam,aheamb4@tumblr.com,Female,216.47.71.2
402,Debor,Sumshon,dsumshonb5@e-recht24.de,Female,13.18.139.44
403,Judah,De Lasci,jdelascib6@blogtalkradio.com,Male,149.101.75.215
404,Curran,Lukehurst,clukehurstb7@e-recht24.de,Male,168.169.80.205
405,Rozalin,Meric,rmericb8@unicef.org,Female,201.24.250.207
406,Eden,Gregr,egregrb9@facebook.com,Female,176.84.119.54
407,Gaylord,Gibling,ggiblingba@addtoany.com,Male,159.18.255.189
408,Jodee,Carlick,jcarlickbb@webnode.com,Female,241.222.97.211
409,Sybila,Zorzin,szorzinbc@hp.com,Female,105.104.78.185
410,Diane-marie,Miere,dmierebd@example.com,Female,105.48.61.71
411,Reiko,Bolan,rbolanbe@aboutads.info,Female,84.245.79.58
412,Dillie,Cosker,dcoskerbf@hud.gov,Male,121.237.82.198
413,Chaunce,Keesman,ckeesmanbg@de.vu,Male,241.195.143.165
414,Archibold,Tomkys,atomkysbh@histats.com,Male,161.117.109.174
415,Merilee,Golling,mgollingbi@princeton.edu,Female,161.114.58.146
416,Gris,Mateja,gmatejabj@hhs.gov,Male,137.11.252.66
417,Gordie,Thomesson,gthomessonbk@hao123.com,Male,236.58.214.182
418,Deva,Starrs,dstarrsbl@admin.ch,Female,168.174.58.176
419,Celene,Ratnage,cratnagebm@simplemachines.org,Female,74.226.234.167
420,Ermanno,Tafani,etafanibn@nbcnews.com,Male,182.194.143.158
421,Lydon,Keele,lkeelebo@youtu.be,Male,79.17.113.176
422,Elora,Addie,eaddiebp@timesonline.co.uk,Female,172.0.140.33
423,Dimitri,Wheelton,dwheeltonbq@dailymail.co.uk,Male,177.138.92.251
424,Tracey,Ravenshaw,travenshawbr@facebook.com,Male,23.206.243.114
425,Selma,Beecroft,sbeecroftbs@businesswire.com,Female,13.148.135.153
426,Wallas,Valentine,wvalentinebt@forbes.com,Male,175.98.29.212
427,Angele,Menel,amenelbu@yandex.ru,Female,22.8.57.230
428,Barr,Hutt,bhuttbv@bing.com,Male,80.194.189.160
429,Edik,Keyser,ekeyserbw@virginia.edu,Male,202.231.217.40
430,Aggie,MacLoughlin,amacloughlinbx@techcrunch.com,Female,246.210.204.85
431,Marieann,Shadwick,mshadwickby@ucoz.com,Female,91.201.85.108
432,Robbie,Bohin,rbohinbz@ed.gov,Female,237.97.40.116
433,Marleen,Halleday,mhalledayc0@arstechnica.com,Female,147.12.65.20
434,Hayes,Rudeyeard,hrudeyeardc1@163.com,Male,158.32.205.172
435,Laurel,Blythe,lblythec2@last.fm,Female,190.167.137.150
436,Philippa,Aire,pairec3@engadget.com,Female,167.84.247.209
437,Lotti,Witherop,lwitheropc4@artisteer.com,Female,226.154.8.97
438,Michal,Broadey,mbroadeyc5@trellian.com,Female,236.89.129.160
439,Marcella,Mathen,mmathenc6@marketwatch.com,Female,248.95.128.146
440,Zorah,Venditti,zvendittic7@usatoday.com,Female,168.213.81.192
441,Claudine,Genery,cgeneryc8@acquirethisname.com,Female,111.59.186.166
442,Shoshana,Cotta,scottac9@liveinternet.ru,Female,108.217.49.182
443,Glynn,Shepherd,gshepherdca@360.cn,Male,102.77.10.75
444,Worden,Learmonth,wlearmonthcb@senate.gov,Male,123.216.193.54
445,Leonie,Brisard,lbrisardcc@uiuc.edu,Female,211.188.96.121
446,Inger,Peyntue,ipeyntuecd@woothemes.com,Female,3.84.172.86
447,Devonna,Squirrel,dsquirrelce@webmd.com,Female,201.147.95.232
448,Freddy,Culcheth,fculchethcf@weibo.com,Female,231.23.243.177
449,Noble,Agates,nagatescg@goodreads.com,Male,225.49.176.233
450,Ad,Marcussen,amarcussench@earthlink.net,Male,5.70.9.10
451,Ely,Langsdon,elangsdonci@washington.edu,Male,152.68.48.241
452,Callean,Shone,cshonecj@discovery.com,Male,2.240.26.80
453,Chrysler,Cater,ccaterck@home.pl,Female,42.188.179.31
454,Kelly,Placido,kplacidocl@drupal.org,Female,251.20.85.32
455,Rutger,Oman,romancm@npr.org,Male,86.83.211.173
456,Katusha,Tompkins,ktompkinscn@miibeian.gov.cn,Female,108.65.36.167
457,Freedman,Serjeant,fserjeantco@hubpages.com,Male,234.88.84.168
458,Osborn,Sibille,osibillecp@ihg.com,Male,127.99.31.107
459,Gareth,Oene,goenecq@statcounter.com,Male,182.171.240.112
460,Kelwin,Vickers,kvickerscr@cyberchimps.com,Male,112.101.203.23
461,Harvey,Tripe,htripecs@cmu.edu,Male,175.214.146.132
462,Vyky,Scrancher,vscrancherct@cam.ac.uk,Female,131.175.179.82
463,Lexie,Linke,llinkecu@who.int,Female,211.232.212.187
464,Dayle,McRill,dmcrillcv@sakura.ne.jp,Female,74.222.86.107
465,Tallie,Brigge,tbriggecw@spotify.com,Male,236.98.223.161
466,Karalee,Terrelly,kterrellycx@unblog.fr,Female,143.113.136.241
467,Elsey,Gurko,egurkocy@rakuten.co.jp,Female,155.250.205.200
468,Gerhardine,Hartopp,ghartoppcz@senate.gov,Female,45.245.230.112
469,Ynes,Kobierzycki,ykobierzyckid0@feedburner.com,Female,93.187.28.149
470,Mirilla,Alam,malamd1@narod.ru,Female,248.90.248.29
471,Tonye,Tash,ttashd2@adobe.com,Female,21.157.103.176
472,Sydelle,Piolli,spiollid3@tuttocitta.it,Female,246.65.236.227
473,Wanda,Le Quesne,wlequesned4@hubpages.com,Female,97.232.61.226
474,Shelly,Goosey,sgooseyd5@engadget.com,Female,152.85.174.64
475,Aili,Dellow,adellowd6@instagram.com,Female,84.73.205.218
476,Bria,Jamieson,bjamiesond7@elpais.com,Female,199.253.56.7
477,Garv,Denmead,gdenmeadd8@microsoft.com,Male,113.108.29.200
478,Zorana,Greatham,zgreathamd9@techcrunch.com,Female,137.123.208.139
479,Darya,Occleshaw,doccleshawda@addtoany.com,Female,129.124.68.113
480,Lyndsey,Baiss,lbaissdb@hao123.com,Female,254.177.211.181
481,Damaris,Haverty,dhavertydc@microsoft.com,Female,196.89.95.234
482,Raynell,Cater,rcaterdd@nifty.com,Female,231.196.29.147
483,Marnia,Tremeer,mtremeerde@ted.com,Female,162.3.74.127
484,Dilan,George,dgeorgedf@washington.edu,Male,245.189.71.53
485,Goldie,Ells,gellsdg@house.gov,Female,212.23.179.250
486,Celestina,Madill,cmadilldh@house.gov,Female,7.111.226.189
487,Maurise,Willwood,mwillwooddi@spotify.com,Male,141.229.230.25
488,Gwenni,Fogarty,gfogartydj@flavors.me,Female,180.58.72.88
489,Deloria,Heffernan,dheffernandk@nyu.edu,Female,246.39.93.104
490,Jolyn,Scocroft,jscocroftdl@webmd.com,Female,114.73.27.108
491,Jania,Nellen,jnellendm@tiny.cc,Female,219.88.175.94
492,Tarrance,Novacek,tnovacekdn@sphinn.com,Male,133.148.129.19
493,Rogers,Dunbar,rdunbardo@yelp.com,Male,150.159.146.204
494,Sharl,Hansana,shansanadp@reference.com,Female,226.154.93.81
495,Chester,Leemans,cleemansdq@wordpress.com,Male,48.1.78.65
496,Morton,Amesbury,mamesburydr@hud.gov,Male,80.204.34.134
497,Roanna,Kleyn,rkleynds@miitbeian.gov.cn,Female,176.41.80.82
498,Augie,Daout,adaoutdt@newsvine.com,Male,155.112.141.114
499,Menard,Skirrow,mskirrowdu@geocities.com,Male,180.121.123.135
500,Carrol,Sheerman,csheermandv@go.com,Male,7.51.151.120
501,Darci,Cessford,dcessforddw@flickr.com,Female,103.1.11.147
502,Thain,Beakes,tbeakesdx@princeton.edu,Male,53.54.37.180
503,Andee,Lovekin,alovekindy@shop-pro.jp,Female,151.163.254.207
504,Tawsha,Machon,tmachondz@tripod.com,Female,129.241.14.208
505,Waly,Hillan,whillane0@moonfruit.com,Female,41.92.26.216
506,Latisha,Malone,lmalonee1@apache.org,Female,150.9.147.85
507,Raina,Krause,rkrausee2@ehow.com,Female,173.135.99.241
508,Thibaut,Pessel,tpessele3@illinois.edu,Male,134.42.32.191
509,Ellary,Nicholas,enicholase4@redcross.org,Male,42.231.50.199
510,Kiley,Abrashkin,kabrashkine5@wunderground.com,Female,162.186.83.26
511,Scarface,Orridge,sorridgee6@auda.org.au,Male,72.87.113.156
512,Ameline,Holdren,aholdrene7@amazon.co.jp,Female,55.186.206.38
513,Leda,Ferrandez,lferrandeze8@1688.com,Female,157.106.172.240
514,Loralyn,Pigrome,lpigromee9@npr.org,Female,91.139.13.197
515,Bryn,Grishechkin,bgrishechkinea@parallels.com,Male,223.215.139.191
516,Alexio,Augie,aaugieeb@about.com,Male,129.215.187.189
517,Wynnie,Bambery,wbamberyec@dedecms.com,Female,214.17.168.178
518,Michelle,Dewing,mdewinged@360.cn,Female,242.142.227.177
519,Trey,Yielding,tyieldingee@spiegel.de,Male,147.139.53.16
520,Wallace,Sidry,wsidryef@whitehouse.gov,Male,83.184.209.116
521,Atlante,Rudderham,arudderhameg@cocolog-nifty.com,Female,87.199.191.20
522,Artemis,Dibsdale,adibsdaleeh@usa.gov,Male,231.147.120.210
523,Olivette,Jimmison,ojimmisonei@accuweather.com,Female,83.169.206.180
524,Lorant,Justun,ljustunej@prnewswire.com,Male,190.204.139.241
525,Elva,Mish,emishek@360.cn,Female,37.110.42.47
526,Myrtice,Mickleburgh,mmickleburghel@netvibes.com,Female,83.66.113.195
527,Bradan,Shipley,bshipleyem@youtube.com,Male,121.15.17.52
528,Ginger,Snawden,gsnawdenen@ehow.com,Female,249.216.253.118
529,Leodora,Bullerwell,lbullerwelleo@goo.gl,Female,2.102.244.46
530,Miles,Atterbury,matterburyep@walmart.com,Male,36.128.40.208
531,Kevina,Wombwell,kwombwelleq@prlog.org,Female,32.85.30.142
532,Kippy,Aldiss,kaldisser@typepad.com,Male,226.155.155.47
533,Jereme,Martinovsky,jmartinovskyes@dropbox.com,Male,252.255.244.202
534,Fredek,Breazeall,fbreazeallet@ask.com,Male,4.2.99.143
535,Ric,Hynard,rhynardeu@nature.com,Male,246.210.146.188
536,Alfred,Devo,adevoev@sourceforge.net,Male,134.68.2.116
537,Desiri,Heaker,dheakerew@meetup.com,Female,3.100.222.188
538,Jonathan,Fine,jfineex@reverbnation.com,Male,109.154.33.74
539,Joyan,Allam,jallamey@addtoany.com,Female,164.50.139.224
540,Stormi,Semple,ssempleez@upenn.edu,Female,36.75.80.196
541,Brynna,Lowes,blowesf0@auda.org.au,Female,161.77.76.174
542,Tiebold,Longthorn,tlongthornf1@slideshare.net,Male,161.71.44.180
543,Ajay,Gabbitis,agabbitisf2@cargocollective.com,Female,14.61.123.164
544,Cleo,Penquet,cpenquetf3@example.com,Female,110.164.156.64
545,Johnnie,Stillman,jstillmanf4@spiegel.de,Male,20.78.23.140
546,Casandra,Summerley,csummerleyf5@topsy.com,Female,140.92.129.23
547,Piggy,Le Noir,plenoirf6@oracle.com,Male,71.84.156.236
548,Jean,Gregoretti,jgregorettif7@sfgate.com,Female,181.36.7.114
549,Finlay,Wootton,fwoottonf8@hostgator.com,Male,155.16.134.146
550,Kassie,Pail,kpailf9@soup.io,Female,224.44.249.2
551,Stevena,Hamson,shamsonfa@yellowbook.com,Female,132.148.238.158
552,Zitella,Bangle,zbanglefb@blog.com,Female,169.137.77.37
553,Maddi,Fayerbrother,mfayerbrotherfc@abc.net.au,Female,26.26.7.197
554,Hersh,Arran,harranfd@ovh.net,Male,124.222.151.159
555,Leyla,Frain,lfrainfe@merriam-webster.com,Female,178.189.240.244
556,Rivy,Howse,rhowseff@homestead.com,Female,50.24.84.96
557,Fulvia,McNern,fmcnernfg@dedecms.com,Female,63.72.48.159
558,Dane,Checo,dchecofh@businessinsider.com,Male,55.85.247.74
559,Constantia,Donet,cdonetfi@ovh.net,Female,144.127.243.180
560,Cindelyn,Delouch,cdelouchfj@aboutads.info,Female,224.160.187.212
561,Hyacinthia,Odde,hoddefk@soup.io,Female,98.142.246.139
562,Olva,Terron,oterronfl@sitemeter.com,Female,144.68.157.126
563,Kev,Peller,kpellerfm@hugedomains.com,Male,2.65.127.244
564,Phip,Tessier,ptessierfn@histats.com,Male,31.142.239.181
565,Del,Arington,daringtonfo@google.it,Male,14.240.117.81
566,Correna,Jakoubec,cjakoubecfp@joomla.org,Female,124.48.221.177
567,Maximilien,Wenman,mwenmanfq@networksolutions.com,Male,247.16.148.47
568,Brook,Shoemark,bshoemarkfr@jugem.jp,Female,95.214.133.112
569,Patin,Aberdeen,paberdeenfs@yelp.com,Male,12.92.136.185
570,Mallory,Vane,mvaneft@ca.gov,Female,45.22.81.245
571,Esmeralda,Jagiello,ejagiellofu@wisc.edu,Female,211.28.147.133
572,Giorgia,Bloss,gblossfv@army.mil,Female,196.121.65.174
573,Niccolo,Hattam,nhattamfw@baidu.com,Male,183.118.80.164
574,Arlin,Clayborn,aclaybornfx@amazonaws.com,Male,152.160.30.219
575,Katrinka,Brudenell,kbrudenellfy@usda.gov,Female,135.101.143.160
576,Allene,Anselmi,aanselmifz@ihg.com,Female,202.228.109.109
577,Eleen,Mariotte,emariotteg0@dailymotion.com,Female,148.95.23.216
578,Garrard,Connor,gconnorg1@slideshare.net,Male,80.107.67.66
579,Doyle,Jutson,djutsong2@stanford.edu,Male,67.91.148.191
580,Zacharia,Richardeau,zrichardeaug3@skype.com,Male,236.103.225.110
581,Florinda,Dymond,fdymondg4@xinhuanet.com,Female,160.210.87.126
582,Tremaine,Frayne,tfrayneg5@nih.gov,Male,147.253.42.24
583,Genny,Ferrarone,gferraroneg6@paginegialle.it,Female,171.45.131.63
584,Jacynth,Andrat,jandratg7@cpanel.net,Female,174.138.194.233
585,Jerri,Stearne,jstearneg8@paginegialle.it,Male,102.197.155.88
586,Horacio,Skain,hskaing9@google.ru,Male,184.167.85.176
587,Joanne,Hawgood,jhawgoodga@google.nl,Female,97.48.182.181
588,Sandor,Mullender,smullendergb@foxnews.com,Male,211.173.236.29
589,Gregorius,Burrass,gburrassgc@skyrock.com,Male,73.210.219.114
590,Clive,Lazare,clazaregd@theatlantic.com,Male,36.94.42.182
591,Imelda,Martinovic,imartinovicge@studiopress.com,Female,146.252.205.235
592,Nick,Stenton,nstentongf@mac.com,Male,126.99.189.190
593,Yul,Peirone,ypeironegg@auda.org.au,Male,16.81.75.159
594,Laura,Bygrove,lbygrovegh@admin.ch,Female,23.44.51.5
595,Rancell,Florio,rfloriogi@paginegialle.it,Male,82.245.146.178
596,Rossy,De Winton,rdewintongj@amazon.com,Male,26.240.75.182
597,Roch,Togher,rtoghergk@admin.ch,Female,187.70.157.153
598,Beauregard,Healeas,bhealeasgl@flavors.me,Male,93.173.3.107
599,Nels,Waye,nwayegm@pbs.org,Male,31.114.146.114
600,Lynnelle,Morena,lmorenagn@whitehouse.gov,Female,102.44.59.221
601,Herb,Elnaugh,helnaughgo@army.mil,Male,116.97.20.250
602,Calypso,Isacke,cisackegp@netscape.com,Female,38.27.17.69
603,Maurits,Briatt,mbriattgq@is.gd,Male,89.144.143.82
604,Gena,Valler,gvallergr@i2i.jp,Female,60.183.245.72
605,Elinore,Stanbrooke,estanbrookegs@whitehouse.gov,Female,58.121.206.116
606,Horatius,Swaddle,hswaddlegt@ning.com,Male,47.178.37.64
607,Schuyler,Lennon,slennongu@edublogs.org,Male,35.21.195.115
608,Ernestine,Lamming,elamminggv@freewebs.com,Female,179.225.105.171
609,Desdemona,Nevin,dnevingw@cbsnews.com,Female,55.83.144.131
610,Andros,Traite,atraitegx@mysql.com,Male,141.236.8.140
611,Nola,Dowthwaite,ndowthwaitegy@biblegateway.com,Female,73.175.40.236
612,Kristine,Heggman,kheggmangz@w3.org,Female,232.119.239.144
613,Bellina,Hemmingway,bhemmingwayh0@businessinsider.com,Female,226.117.149.11
614,Alanna,Medling,amedlingh1@tinyurl.com,Female,120.136.189.121
615,Christean,Biernat,cbiernath2@scribd.com,Female,219.54.255.165
616,Allard,Brittin,abrittinh3@desdev.cn,Male,131.157.161.221
617,Chloette,Book,cbookh4@dagondesign.com,Female,89.46.211.204
618,Ronnie,Sewter,rsewterh5@domainmarket.com,Female,192.101.33.79
619,Augustina,Antonucci,aantonuccih6@hatena.ne.jp,Female,196.251.236.253
620,Donnell,Skedgell,dskedgellh7@mozilla.com,Male,125.180.12.137
621,Jehu,Garrould,jgarrouldh8@digg.com,Male,247.221.66.120
622,Erik,Noice,enoiceh9@dagondesign.com,Male,242.11.167.106
623,Corbie,Grebbin,cgrebbinha@globo.com,Male,185.37.100.127
624,Abey,Alexander,aalexanderhb@moonfruit.com,Male,37.84.24.143
625,Aldridge,Streatley,astreatleyhc@drupal.org,Male,146.113.218.158
626,Hadley,Larret,hlarrethd@friendfeed.com,Male,18.88.93.26
627,Reyna,Flori,rflorihe@time.com,Female,0.102.161.175
628,Jeffry,Adenot,jadenothf@google.co.uk,Male,194.56.168.252
629,Tabb,Pikett,tpiketthg@unesco.org,Male,52.222.203.99
630,Coraline,Ivanin,civaninhh@wunderground.com,Female,161.85.166.241
631,Emmie,Anselmi,eanselmihi@jigsy.com,Female,204.245.12.46
632,Gilburt,Ide,gidehj@hostgator.com,Male,180.4.0.253
633,Emmy,Coaker,ecoakerhk@soup.io,Male,108.171.227.46
634,Valene,Kubiak,vkubiakhl@biglobe.ne.jp,Female,15.52.151.107
635,Buddy,Efford,beffordhm@alexa.com,Male,226.216.127.156
636,Krista,Selburn,kselburnhn@stumbleupon.com,Female,145.191.113.90
637,Cos,Cortese,ccorteseho@istockphoto.com,Male,37.123.15.125
638,Karrah,Vassano,kvassanohp@multiply.com,Female,139.167.63.164
639,Lonnie,McNiff,lmcniffhq@creativecommons.org,Male,91.29.24.177
640,Violante,Bartod,vbartodhr@weather.com,Female,153.95.110.241
641,Modesty,Titchen,mtitchenhs@imageshack.us,Female,194.93.176.19
642,Luce,Rhodus,lrhodusht@lycos.com,Male,172.138.155.113
643,Therine,Reasce,treascehu@nhs.uk,Female,75.1.194.64
644,Bastian,Beilby,bbeilbyhv@marriott.com,Male,43.132.56.68
645,Dom,Guterson,dgutersonhw@friendfeed.com,Male,230.1.188.187
646,Ginelle,Lavielle,glaviellehx@cafepress.com,Female,199.216.213.89
647,Johanna,Boscott,jboscotthy@tiny.cc,Female,254.120.138.201
648,Armando,Leipnik,aleipnikhz@csmonitor.com,Male,150.245.119.138
649,Petrina,Ayling,paylingi0@friendfeed.com,Female,145.195.119.67
650,Elayne,Kirtley,ekirtleyi1@ehow.com,Female,244.117.215.60
651,Ahmed,Holliar,aholliari2@dion.ne.jp,Male,141.115.125.11
652,Welch,Gounin,wgounini3@craigslist.org,Male,48.181.169.206
653,Harvey,Skarr,hskarri4@oaic.gov.au,Male,201.149.66.215
654,Andrus,Worshall,aworshalli5@gravatar.com,Male,48.219.234.144
655,Jack,Sprionghall,jsprionghalli6@bluehost.com,Male,44.137.63.102
656,Dagmar,Northley,dnorthleyi7@patch.com,Female,104.110.142.159
657,Carly,Rebanks,crebanksi8@squidoo.com,Male,242.117.157.84
658,Mollee,Murr,mmurri9@angelfire.com,Female,19.30.87.154
659,Cathee,Mortimer,cmortimeria@europa.eu,Female,122.44.123.7
660,Timmy,Bawme,tbawmeib@barnesandnoble.com,Female,147.55.192.211
661,Rafaellle,Randleson,rrandlesonic@over-blog.com,Male,50.81.90.219
662,Grazia,Doret,gdoretid@china.com.cn,Female,171.252.133.66
663,Rikki,Chirm,rchirmie@mlb.com,Male,152.75.127.59
664,Grady,Vanyukov,gvanyukovif@blogs.com,Male,34.62.5.5
665,Anna-maria,Dilger,adilgerig@jigsy.com,Female,135.22.223.239
666,Kylila,Wisden,kwisdenih@nsw.gov.au,Female,140.143.114.235
667,Rogerio,Alfwy,ralfwyii@mail.ru,Male,0.3.1.209
668,Poul,De Domenico,pdedomenicoij@hostgator.com,Male,45.194.99.224
669,Morris,Bray,mbrayik@jalbum.net,Male,90.224.217.210
670,Correna,Levens,clevensil@histats.com,Female,47.145.10.237
671,Fabian,Toping,ftopingim@hud.gov,Male,218.221.245.147
672,Kylynn,Heinert,kheinertin@usnews.com,Female,127.210.155.31
673,Teodor,Delamaine,tdelamaineio@exblog.jp,Male,72.37.3.154
674,Amil,Penwell,apenwellip@vk.com,Female,137.158.16.21
675,Leesa,Da Costa,ldacostaiq@rambler.ru,Female,220.168.97.155
676,Wallis,Atthow,watthowir@amazonaws.com,Male,204.113.104.224
677,Hephzibah,Purvis,hpurvisis@ebay.co.uk,Female,150.4.110.171
678,Mickie,Gibbett,mgibbettit@com.com,Female,81.114.49.33
679,Huey,Foskin,hfoskiniu@about.me,Male,252.123.208.27
680,Emalia,Beckinsall,ebeckinsalliv@ovh.net,Female,32.75.62.89
681,Pernell,Joscelin,pjosceliniw@shutterfly.com,Male,72.101.90.3
682,Lyn,Quinby,lquinbyix@yandex.ru,Female,108.136.89.105
683,Brynn,Livzey,blivzeyiy@blogger.com,Female,204.149.235.44
684,Caren,Rathbourne,crathbourneiz@slate.com,Female,42.112.7.43
685,Erl,Petruszka,epetruszkaj0@mozilla.org,Male,110.135.104.57
686,Aggi,Segges,aseggesj1@freewebs.com,Female,91.87.71.139
687,Korry,Bristo,kbristoj2@bloglines.com,Female,162.117.245.97
688,Travus,Matthias,tmatthiasj3@cbc.ca,Male,254.139.232.150
689,Barbabra,Jurgenson,bjurgensonj4@hp.com,Female,165.235.43.250
690,Sula,Wheatley,swheatleyj5@cocolog-nifty.com,Female,73.3.19.222
691,Grange,Tampion,gtampionj6@home.pl,Male,179.196.81.137
692,Amalee,Kivell,akivellj7@bigcartel.com,Female,36.216.131.52
693,Rosabelle,Roderigo,rroderigoj8@printfriendly.com,Female,131.83.221.101
694,Elissa,Horsfield,ehorsfieldj9@spiegel.de,Female,74.38.100.219
695,Adelbert,Blincow,ablincowja@pcworld.com,Male,21.37.219.98
696,Haily,Croom,hcroomjb@arstechnica.com,Male,155.223.237.139
697,Danika,Truelove,dtruelovejc@amazonaws.com,Female,194.145.170.146
698,Tera,Wilfinger,twilfingerjd@dell.com,Female,206.212.156.87
699,Riva,Rosingdall,rrosingdallje@ifeng.com,Female,196.51.186.218
700,Bernelle,Moriarty,bmoriartyjf@vinaora.com,Female,12.193.202.237
701,Hugibert,Bragger,hbraggerjg@telegraph.co.uk,Male,194.171.142.96
702,Maryl,Thirtle,mthirtlejh@buzzfeed.com,Female,150.159.160.216
703,Justino,Burland,jburlandji@issuu.com,Male,122.230.215.246
704,Pembroke,Webster,pwebsterjj@google.com.br,Male,69.65.253.232
705,Cariotta,Dillow,cdillowjk@feedburner.com,Female,243.162.221.149
706,Anny,Loseby,alosebyjl@xing.com,Female,168.96.24.110
707,Xymenes,MacKaig,xmackaigjm@cargocollective.com,Male,236.99.53.84
708,Dewey,Dutch,ddutchjn@drupal.org,Male,217.156.199.103
709,Putnam,Nias,pniasjo@forbes.com,Male,1.250.115.25
710,Parrnell,Deal,pdealjp@jalbum.net,Male,51.24.247.238
711,Chuck,Sicily,csicilyjq@acquirethisname.com,Male,242.190.38.190
712,Philly,Williamson,pwilliamsonjr@ustream.tv,Female,255.100.31.116
713,Rossie,Marcinkus,rmarcinkusjs@constantcontact.com,Male,37.104.87.234
714,Missy,Buckel,mbuckeljt@telegraph.co.uk,Female,20.232.10.32
715,Taylor,Rawlison,trawlisonju@scientificamerican.com,Male,210.112.230.56
716,Paolina,Ladlow,pladlowjv@apache.org,Female,180.41.25.133
717,Marta,Querrard,mquerrardjw@rediff.com,Female,161.20.111.156
718,Brittney,Goodisson,bgoodissonjx@desdev.cn,Female,112.227.68.201
719,Hal,Bunson,hbunsonjy@nytimes.com,Male,182.149.19.86
720,Kirstin,Liddyard,kliddyardjz@mediafire.com,Female,236.81.86.46
721,Sisile,Cervantes,scervantesk0@bizjournals.com,Female,0.146.207.224
722,Garald,Fentem,gfentemk1@admin.ch,Male,24.253.178.4
723,Cary,Nice,cnicek2@mail.ru,Male,136.254.3.96
724,Ugo,Winchurst,uwinchurstk3@slate.com,Male,234.98.236.221
725,Russ,Fulle,rfullek4@jalbum.net,Male,148.29.68.197
726,Ruthe,Muscroft,rmuscroftk5@hud.gov,Female,60.36.0.41
727,Ade,Quickenden,aquickendenk6@dmoz.org,Male,231.169.52.151
728,Edeline,Gioan,egioank7@time.com,Female,171.171.18.149
729,Silvan,McBean,smcbeank8@archive.org,Male,183.239.73.186
730,Essie,McIlvaney,emcilvaneyk9@networksolutions.com,Female,112.124.222.249
731,Vincenz,Hellen,vhellenka@census.gov,Male,119.163.51.62
732,Cory,De Mitri,cdemitrikb@people.com.cn,Female,74.172.101.203
733,Ingunna,Babb,ibabbkc@woothemes.com,Female,187.65.56.225
734,Horst,Massimi,hmassimikd@google.es,Male,137.78.1.73
735,Amitie,Fullwood,afullwoodke@nifty.com,Female,63.128.99.227
736,Cecil,Condict,ccondictkf@aboutads.info,Male,157.193.76.237
737,Allyn,Roakes,aroakeskg@ocn.ne.jp,Male,80.230.164.251
738,Brannon,Michele,bmichelekh@yandex.ru,Male,51.236.71.32
739,Angil,Champniss,achampnisski@prnewswire.com,Female,128.97.27.168
740,Rockie,Howler,rhowlerkj@technorati.com,Male,138.114.25.134
741,Genevieve,Terzi,gterzikk@hugedomains.com,Female,24.167.129.147
742,Rooney,Vany,rvanykl@bloglovin.com,Male,50.44.135.137
743,Ashby,Malloy,amalloykm@360.cn,Male,75.57.25.169
744,Wilma,McGaw,wmcgawkn@toplist.cz,Female,25.78.148.225
745,Miquela,Pothbury,mpothburyko@opensource.org,Female,115.145.243.15
746,Amitie,Betke,abetkekp@google.com.au,Female,157.113.235.152
747,Berkeley,Jenteau,bjenteaukq@japanpost.jp,Male,63.255.234.40
748,Gussie,Dongles,gdongleskr@typepad.com,Female,58.76.155.46
749,Anastassia,Sholl,ashollks@aol.com,Female,160.71.213.67
750,Aloise,O'Sheerin,aosheerinkt@nature.com,Female,24.140.24.213
751,Gerianna,Eat,geatku@foxnews.com,Female,222.62.38.232
752,Cora,Moreing,cmoreingkv@instagram.com,Female,48.15.91.43
753,Akim,Balbeck,abalbeckkw@e-recht24.de,Male,107.33.235.185
754,Mayor,Pirkis,mpirkiskx@webmd.com,Male,148.234.54.65
755,Garvey,Drinkeld,gdrinkeldky@tinyurl.com,Male,83.3.225.88
756,Aldric,Calender,acalenderkz@51.la,Male,220.161.253.237
757,Rick,Lefridge,rlefridgel0@mashable.com,Male,253.43.173.223
758,Catharina,Ploughwright,cploughwrightl1@reuters.com,Female,49.72.193.73
759,Joeann,Catherall,jcatheralll2@smugmug.com,Female,226.232.168.15
760,Vinny,Denington,vdeningtonl3@simplemachines.org,Male,96.208.192.198
761,Orland,Rubie,orubiel4@t.co,Male,166.69.78.221
762,Consuelo,Thomsen,cthomsenl5@hud.gov,Female,6.94.195.201
763,Clayborn,Frapwell,cfrapwelll6@sun.com,Male,192.200.243.46
764,Mallory,Wallege,mwallegel7@princeton.edu,Female,31.17.229.222
765,Aldrich,Dripps,adrippsl8@chicagotribune.com,Male,27.233.31.209
766,Cherlyn,Shaw,cshawl9@businessinsider.com,Female,153.61.58.254
767,Gale,Button,gbuttonla@ning.com,Female,130.151.88.167
768,Chevalier,Astridge,castridgelb@ocn.ne.jp,Male,132.139.115.67
769,Fenelia,Jewell,fjewelllc@ucla.edu,Female,35.147.55.175
770,Ameline,Penhaleurack,apenhaleurackld@bluehost.com,Female,52.168.43.77
771,Tome,Heggison,theggisonle@technorati.com,Male,85.199.64.229
772,Wynny,Pemble,wpemblelf@narod.ru,Female,70.224.89.171
773,Adams,Trustey,atrusteylg@mit.edu,Male,69.223.58.65
774,Ruggiero,Havoc,rhavoclh@va.gov,Male,245.210.234.206
775,Kirby,Provest,kprovestli@bandcamp.com,Male,68.237.43.210
776,Janenna,Munday,jmundaylj@europa.eu,Female,225.49.37.116
777,Victoir,Teml,vtemllk@blogtalkradio.com,Male,36.194.19.101
778,Foster,Coenraets,fcoenraetsll@devhub.com,Male,250.250.200.162
779,Sigfrid,Keith,skeithlm@meetup.com,Male,167.51.173.224
780,Edeline,Sperrett,esperrettln@vinaora.com,Female,212.190.92.24
781,Sol,Currer,scurrerlo@va.gov,Male,13.61.215.211
782,Halley,Tighe,htighelp@google.com.hk,Female,9.98.197.186
783,Abbie,Yourell,ayourelllq@diigo.com,Female,149.101.6.152
784,Andonis,Stonehewer,astonehewerlr@theguardian.com,Male,220.115.227.122
785,Ferd,Genge,fgengels@unc.edu,Male,132.29.52.209
786,Woodman,Salzberger,wsalzbergerlt@ocn.ne.jp,Male,125.156.16.230
787,Joete,Arkill,jarkilllu@nytimes.com,Female,142.87.37.172
788,Kristoforo,Dumphries,kdumphrieslv@ibm.com,Male,60.239.148.24
789,Tedman,Keunemann,tkeunemannlw@cmu.edu,Male,139.181.241.29
790,Siegfried,Cammock,scammocklx@weather.com,Male,23.143.50.131
791,Byran,Dybald,bdybaldly@jiathis.com,Male,3.182.165.126
792,Brand,Treppas,btreppaslz@accuweather.com,Male,245.103.5.34
793,Udall,Birdwhistell,ubirdwhistellm0@istockphoto.com,Male,50.51.220.226
794,Granny,Hessing,ghessingm1@cocolog-nifty.com,Male,237.185.215.147
795,Marilin,Toffoloni,mtoffolonim2@mlb.com,Female,253.189.136.122
796,Vinny,Tiler,vtilerm3@quantcast.com,Male,152.51.68.4
797,Korey,Leyland,kleylandm4@technorati.com,Male,196.69.140.201
798,Humfried,Simoneau,hsimoneaum5@nasa.gov,Male,81.145.27.171
799,Midge,Godson,mgodsonm6@huffingtonpost.com,Female,151.103.184.65
800,Petunia,Chidwick,pchidwickm7@posterous.com,Female,195.79.17.78
801,Ruddie,Godehard.sf,rgodehardsfm8@github.io,Male,248.87.42.89
802,Wally,Gilmore,wgilmorem9@amazon.com,Female,164.220.119.255
803,Mallory,Cherrett,mcherrettma@newyorker.com,Female,222.117.60.129
804,Raine,Kinlock,rkinlockmb@altervista.org,Female,84.10.44.75
805,Sharl,GiacobbiniJacob,sgiacobbinijacobmc@ow.ly,Female,96.87.203.10
806,Ansel,Robker,arobkermd@qq.com,Male,238.184.163.131
807,Delphinia,D'Antuoni,ddantuonime@creativecommons.org,Female,128.243.140.230
808,Cello,O'Gormally,cogormallymf@ucla.edu,Male,111.141.207.212
809,Corina,Burchill,cburchillmg@wsj.com,Female,115.230.225.172
810,Thomas,Floodgate,tfloodgatemh@acquirethisname.com,Male,154.88.204.242
811,Karna,Alfwy,kalfwymi@xrea.com,Female,1.158.114.240
812,Quincey,Boddice,qboddicemj@51.la,Male,185.236.103.157
813,Lira,Mantha,lmanthamk@hp.com,Female,66.156.181.245
814,Willow,Brolechan,wbrolechanml@answers.com,Female,216.111.32.67
815,Tabbie,Domanek,tdomanekmm@vkontakte.ru,Male,206.255.251.85
816,Laurence,Miroy,lmiroymn@cafepress.com,Male,104.149.55.69
817,Edita,Mulmuray,emulmuraymo@soundcloud.com,Female,251.82.106.201
818,Renato,Iacomo,riacomomp@state.gov,Male,211.73.161.182
819,Lilllie,Mallindine,lmallindinemq@nyu.edu,Female,213.175.166.243
820,Barnard,Demougeot,bdemougeotmr@networksolutions.com,Male,186.22.177.156
821,Josie,Whichelow,jwhichelowms@w3.org,Female,61.250.80.219
822,Olympie,Clausson,oclaussonmt@hostgator.com,Female,222.27.46.0
823,Lian,Warbys,lwarbysmu@xinhuanet.com,Female,130.161.91.103
824,Candie,Bushell,cbushellmv@discuz.net,Female,104.220.45.184
825,Giulio,Enderle,genderlemw@chron.com,Male,240.112.11.153
826,Kimberley,Dewicke,kdewickemx@wikia.com,Female,247.236.186.119
827,Christopher,Lobb,clobbmy@google.co.uk,Male,107.27.231.119
828,Prentice,Bonde,pbondemz@youtube.com,Male,61.3.236.134
829,Ev,Dimnage,edimnagen0@imageshack.us,Male,64.42.101.75
830,Maggee,Bum,mbumn1@unesco.org,Female,90.169.159.44
831,Julio,Espinheira,jespinheiran2@stumbleupon.com,Male,242.178.245.193
832,Maury,Chasteney,mchasteneyn3@techcrunch.com,Male,103.163.216.230
833,Shantee,Slate,sslaten4@dmoz.org,Female,125.206.128.96
834,Hew,Tincombe,htincomben5@wiley.com,Male,38.1.36.17
835,Rodolphe,Emerton,remertonn6@ucla.edu,Male,253.219.34.67
836,Zulema,Tessier,ztessiern7@economist.com,Female,51.196.86.42
837,Ewell,Priden,epridenn8@bloomberg.com,Male,142.53.179.96
838,Timi,Gianuzzi,tgianuzzin9@netscape.com,Female,78.97.100.155
839,Perry,Kindleysides,pkindleysidesna@nymag.com,Female,193.217.69.73
840,Chastity,Lickess,clickessnb@upenn.edu,Female,255.46.122.121
841,Melody,Pudding,mpuddingnc@friendfeed.com,Female,224.123.150.91
842,Maurie,Byfield,mbyfieldnd@oracle.com,Male,135.98.141.80
843,Clyde,Middup,cmiddupne@cbsnews.com,Male,96.60.42.2
844,Agna,Caret,acaretnf@bigcartel.com,Female,56.125.169.14
845,Kata,Ellin,kellinng@linkedin.com,Female,11.188.180.30
846,Gabbey,Vigne,gvignenh@microsoft.com,Female,119.240.199.55
847,Rubia,Alfwy,ralfwyni@bravesites.com,Female,159.96.186.239
848,Ardis,Stelfox,astelfoxnj@technorati.com,Female,220.255.138.3
849,Padget,Schapero,pschaperonk@nhs.uk,Male,56.160.87.151
850,Chrisy,Hoppner,choppnernl@usnews.com,Male,104.138.245.170
851,Wolf,Frankowski,wfrankowskinm@gizmodo.com,Male,244.78.75.59
852,Mag,Whitehair,mwhitehairnn@mac.com,Female,43.180.30.244
853,Malvin,Manis,mmanisno@last.fm,Male,185.178.190.18
854,Teddy,Blenkin,tblenkinnp@ycombinator.com,Female,210.209.161.163
855,Marieann,Martschke,mmartschkenq@rambler.ru,Female,106.194.149.154
856,Belita,Petegree,bpetegreenr@nba.com,Female,205.69.37.152
857,Crista,Pagelsen,cpagelsenns@hao123.com,Female,165.114.150.156
858,Osbourne,Van Velden,ovanveldennt@hao123.com,Male,152.29.112.58
859,Gracie,Bogges,gboggesnu@blogtalkradio.com,Female,160.47.206.90
860,Sibyl,Oxbury,soxburynv@techcrunch.com,Male,87.10.99.217
861,Federica,Garbutt,fgarbuttnw@salon.com,Female,238.86.101.217
862,Nelie,Aston,nastonnx@soundcloud.com,Female,201.108.209.221
863,Guglielmo,McChesney,gmcchesneyny@bluehost.com,Male,35.167.73.199
864,Bradly,Burnard,bburnardnz@uiuc.edu,Male,150.22.203.223
865,Millie,Mallord,mmallordo0@apache.org,Female,246.37.207.126
866,Brock,Maynard,bmaynardo1@miitbeian.gov.cn,Male,103.212.36.17
867,Donal,Lusher,dlushero2@umich.edu,Male,152.183.47.175
868,Raffarty,Lossman,rlossmano3@cnbc.com,Male,156.213.125.245
869,Harmony,Garrie,hgarrieo4@goo.gl,Female,102.211.108.150
870,Jacqueline,King,jkingo5@zimbio.com,Female,147.52.176.19
871,Brandea,Blabber,bblabbero6@un.org,Female,102.210.92.108
872,Ynes,Shillingford,yshillingfordo7@purevolume.com,Female,76.129.74.5
873,Prentiss,Grim,pgrimo8@sbwire.com,Male,145.12.164.211
874,Kellyann,Marjot,kmarjoto9@scribd.com,Female,205.174.110.189
875,Coriss,Whopples,cwhopplesoa@bigcartel.com,Female,79.147.9.67
876,Garey,Casella,gcasellaob@ihg.com,Male,92.212.191.245
877,Reilly,Igoe,rigoeoc@nytimes.com,Male,145.175.24.12
878,Lee,Dadson,ldadsonod@webeden.co.uk,Female,123.126.62.111
879,Reamonn,Whife,rwhifeoe@google.com.au,Male,223.162.59.25
880,Raphaela,Lutton,rluttonof@cbslocal.com,Female,52.20.33.247
881,Cindra,Enrrico,cenrricoog@chron.com,Female,172.225.6.144
882,Lissa,Henken,lhenkenoh@simplemachines.org,Female,174.231.177.5
883,Fredek,Webber,fwebberoi@bbc.co.uk,Male,51.201.122.170
884,Annmarie,Hartlebury,ahartleburyoj@lycos.com,Female,240.90.63.66
885,Huntington,Pardy,hpardyok@linkedin.com,Male,168.34.38.229
886,Morton,Walicki,mwalickiol@go.com,Male,219.50.238.197
887,Ardath,Pates,apatesom@w3.org,Female,225.98.78.146
888,Lelah,Zahor,lzahoron@upenn.edu,Female,109.119.231.49
889,Nichole,Greguol,ngreguoloo@ca.gov,Female,233.82.44.32
890,Mickie,Abendroth,mabendrothop@tripadvisor.com,Female,126.112.112.32
891,Daile,Buey,dbueyoq@indiatimes.com,Female,74.116.224.75
892,Roderic,Peatman,rpeatmanor@hostgator.com,Male,172.219.234.175
893,Shelley,Everson,seversonos@slashdot.org,Male,77.246.164.196
894,Jenni,Copyn,jcopynot@wiley.com,Female,37.21.16.232
895,Link,Beaford,lbeafordou@wired.com,Male,90.207.2.132
896,Rivalee,Guerriero,rguerrieroov@boston.com,Female,195.34.169.19
897,Miquela,Courtman,mcourtmanow@npr.org,Female,218.241.55.127
898,Hewie,Rene,hreneox@163.com,Male,129.56.249.238
899,Adrien,Vint,avintoy@paginegialle.it,Male,218.137.201.95
900,Fidelity,Kydd,fkyddoz@shinystat.com,Female,138.7.4.164
901,Letty,Cusworth,lcusworthp0@rakuten.co.jp,Female,93.0.143.208
902,Tonia,Snodin,tsnodinp1@cloudflare.com,Female,31.35.17.133
903,Libby,Killiner,lkillinerp2@google.fr,Female,54.161.143.187
904,Rosemonde,Strettle,rstrettlep3@shop-pro.jp,Female,100.99.137.28
905,Kalli,Younghusband,kyounghusbandp4@amazon.com,Female,210.197.230.114
906,Mureil,Celand,mcelandp5@bloglovin.com,Female,14.15.229.68
907,Bondy,Dorsey,bdorseyp6@jugem.jp,Male,40.124.83.196
908,Drusy,Whapple,dwhapplep7@pbs.org,Female,0.202.165.161
909,Hervey,Pietraszek,hpietraszekp8@geocities.jp,Male,117.193.204.201
910,Ham,Wingham,hwinghamp9@mit.edu,Male,212.144.165.243
911,Cosme,Kezor,ckezorpa@oakley.com,Male,39.137.138.44
912,Yorker,Gossington,ygossingtonpb@discuz.net,Male,193.119.38.164
913,Larissa,Macguire,lmacguirepc@qq.com,Female,33.193.72.36
914,Jenni,Reisin,jreisinpd@nba.com,Female,18.254.160.242
915,Harrison,Ludee,hludeepe@cbc.ca,Male,113.225.31.3
916,Amalea,Yandle,ayandlepf@techcrunch.com,Female,209.185.16.136
917,Danella,Gent,dgentpg@pbs.org,Female,109.186.114.108
918,Zechariah,Likely,zlikelyph@indiegogo.com,Male,121.174.127.249
919,Vivian,Normanville,vnormanvillepi@icq.com,Female,87.119.253.224
920,Will,Heineken,wheinekenpj@51.la,Male,45.152.224.130
921,Reinwald,Giorgioni,rgiorgionipk@desdev.cn,Male,248.60.181.87
922,Martie,Meddows,mmeddowspl@amazon.com,Male,88.233.9.91
923,Jesus,Johnsey,jjohnseypm@vkontakte.ru,Male,7.173.12.106
924,Lincoln,Barrand,lbarrandpn@sakura.ne.jp,Male,52.2.34.218
925,Sanders,Hardistry,shardistrypo@patch.com,Male,21.201.73.248
926,Robbi,Pottell,rpottellpp@rakuten.co.jp,Female,93.64.149.30
927,Fremont,Helliwell,fhelliwellpq@forbes.com,Male,178.66.57.199
928,Merrick,Mitchell,mmitchellpr@hexun.com,Male,225.12.128.203
929,Ashley,Piddington,apiddingtonps@reference.com,Male,139.86.216.93
930,Melodee,Hatwell,mhatwellpt@indiatimes.com,Female,146.114.118.166
931,Charin,Abbatini,cabbatinipu@hp.com,Female,77.192.105.199
932,Hali,Willingham,hwillinghampv@behance.net,Female,239.202.247.137
933,Hakeem,Letten,hlettenpw@cafepress.com,Male,29.41.197.239
934,Jo-anne,Lazar,jlazarpx@cam.ac.uk,Female,212.99.82.45
935,Melisa,Tucsell,mtucsellpy@washington.edu,Female,132.148.45.213
936,Chancey,Sikorsky,csikorskypz@timesonline.co.uk,Male,103.154.85.120
937,Truda,Merigeau,tmerigeauq0@vkontakte.ru,Female,222.165.62.241
938,Britt,Sandlin,bsandlinq1@businessinsider.com,Female,78.64.194.12
939,Sully,Valerio,svalerioq2@blogtalkradio.com,Male,145.135.8.89
940,Jennine,Tohill,jtohillq3@fastcompany.com,Female,246.194.227.186
941,Celisse,Daton,cdatonq4@nps.gov,Female,222.252.79.238
942,Yancey,Glanester,yglanesterq5@walmart.com,Male,168.124.166.12
943,Boone,Aynold,baynoldq6@mac.com,Male,62.47.69.128
944,Emelia,Bonallick,ebonallickq7@cdbaby.com,Female,64.116.197.31
945,Tracie,Jozwiak,tjozwiakq8@abc.net.au,Female,218.108.9.32
946,Arthur,Gaffey,agaffeyq9@guardian.co.uk,Male,16.196.182.86
947,Stevena,Ruslin,sruslinqa@unblog.fr,Female,138.180.199.72
948,Bonita,Emeney,bemeneyqb@simplemachines.org,Female,192.193.76.132
949,Ulrica,Priest,upriestqc@columbia.edu,Female,228.90.4.251
950,Emmy,Baggally,ebaggallyqd@arstechnica.com,Male,107.124.102.78
951,Katlin,MacKeig,kmackeigqe@engadget.com,Female,63.189.244.26
952,Noland,Downing,ndowningqf@virginia.edu,Male,211.28.242.28
953,Winna,Whittlesee,wwhittleseeqg@seesaa.net,Female,167.208.199.152
954,Cacilia,Blomfield,cblomfieldqh@harvard.edu,Female,26.4.91.221
955,Chaddy,Baldree,cbaldreeqi@domainmarket.com,Male,115.40.152.202
956,Vanni,Chevins,vchevinsqj@youtube.com,Female,159.45.76.105
957,Jill,Hanna,jhannaqk@soundcloud.com,Female,24.32.2.61
958,Amelie,Kelsell,akelsellql@fc2.com,Female,107.4.62.196
959,Lindi,Barnsley,lbarnsleyqm@lulu.com,Female,7.50.63.248
960,Laraine,Sinyard,lsinyardqn@weebly.com,Female,152.74.155.190
961,Morrie,Tiltman,mtiltmanqo@army.mil,Male,24.156.96.112
962,Vincents,Busch,vbuschqp@prweb.com,Male,62.43.191.124
963,Christian,Cloughton,ccloughtonqq@livejournal.com,Female,83.34.9.239
964,Lodovico,Attril,lattrilqr@ed.gov,Male,49.56.164.10
965,Sawyer,Bazley,sbazleyqs@forbes.com,Male,105.154.97.7
966,Judd,Domone,jdomoneqt@boston.com,Male,145.143.222.39
967,Simonette,Haslock,shaslockqu@bing.com,Female,248.249.120.134
968,Sandi,Criag,scriagqv@cornell.edu,Female,63.69.72.37
969,Hattie,Gagg,hgaggqw@rediff.com,Female,13.156.213.144
970,Sargent,Venturoli,sventuroliqx@newsvine.com,Male,139.185.23.10
971,Levy,Camden,lcamdenqy@springer.com,Male,1.7.198.46
972,Brendis,Fenech,bfenechqz@prnewswire.com,Male,252.31.44.153
973,Munroe,Rosenfrucht,mrosenfruchtr0@booking.com,Male,65.155.31.222
974,Reggis,Treby,rtrebyr1@nature.com,Male,74.207.175.45
975,Luca,Ballham,lballhamr2@examiner.com,Male,97.114.83.107
976,Yance,Veness,yvenessr3@google.pl,Male,103.132.13.219
977,Dilan,Batho,dbathor4@4shared.com,Male,208.241.213.89
978,Tomasina,Tilbrook,ttilbrookr5@drupal.org,Female,160.25.94.49
979,Cristabel,Greenless,cgreenlessr6@wikispaces.com,Female,40.132.182.70
980,Mala,Sigart,msigartr7@alibaba.com,Female,188.180.212.86
981,Urbain,Atter,uatterr8@xing.com,Male,115.82.68.145
982,Aveline,Nibley,anibleyr9@cocolog-nifty.com,Female,115.117.116.157
983,Corie,Farry,cfarryra@parallels.com,Female,170.82.145.0
984,Dudley,Pawnsford,dpawnsfordrb@businessinsider.com,Male,67.117.91.120
985,Mahmoud,Corten,mcortenrc@parallels.com,Male,50.221.205.25
986,Wallie,Denne,wdennerd@indiegogo.com,Male,6.29.100.65
987,Eustacia,Hamor,ehamorre@example.com,Female,181.81.247.151
988,Chrysa,Blaxland,cblaxlandrf@bloglines.com,Female,188.250.8.139
989,Kizzie,Eaklee,keakleerg@wikimedia.org,Female,12.112.21.139
990,Richmound,Bottoner,rbottonerrh@si.edu,Male,119.231.187.16
991,Daniel,Cracknell,dcracknellri@slideshare.net,Male,87.95.183.254
992,Doralia,Crabb,dcrabbrj@census.gov,Female,223.121.27.118
993,Emera,Swatradge,eswatradgerk@surveymonkey.com,Female,4.45.5.95
994,Pauly,Lengthorn,plengthornrl@constantcontact.com,Male,234.214.224.3
995,Antonin,Lidgertwood,alidgertwoodrm@buzzfeed.com,Male,245.175.120.45
996,Ediva,Olyonov,eolyonovrn@cloudflare.com,Female,190.65.52.90
997,Robin,Fasham,rfashamro@pagesperso-orange.fr,Female,218.99.21.90
998,Avictor,Gruszecki,agruszeckirp@cbc.ca,Male,66.95.218.235
999,Leisha,Stapleford,lstaplefordrq@facebook.com,Female,194.122.106.102
1000,Daniela,Schimpke,dschimpkerr@unblog.fr,Female,128.165.211.200
