1,Camila,Wurz,cwurz0@mail.ru,Female,203.59.202.61
2,Jeanna,Brunning,jbrunning1@theglobeandmail.com,Female,196.215.190.89
3,Octavius,Wimbury,owimbury2@google.nl,Male,80.74.222.64
4,Lock,Tubritt,ltubritt3@ehow.com,Male,216.6.218.8
5,Godard,Conew,gconew4@youtu.be,Male,41.252.162.165
6,Edouard,McClinton,emcclinton5@angelfire.com,Male,181.20.150.107
7,Becca,Algate,balgate6@fda.gov,Female,109.255.108.197
8,Aldon,Groneway,agroneway7@gmpg.org,Male,206.187.236.88
9,Simeon,Osment,sosment8@barnesandnoble.com,Male,36.48.127.12
10,Ralph,Jurick,rjurick9@free.fr,Male,203.236.94.105
11,Elijah,Cromar,ecromara@miibeian.gov.cn,Male,124.103.198.185
12,Jimmie,Lalonde,jlalondeb@addtoany.com,Male,51.28.144.157
13,Budd,Hollingsby,bhollingsbyc@meetup.com,Male,165.34.245.44
14,Clair,Hull,chulld@csmonitor.com,Male,255.38.199.244
15,Sholom,Selliman,ssellimane@g.co,Male,168.150.50.24
16,Keane,Audus,kaudusf@microsoft.com,Male,210.251.111.254
17,Edythe,De Caroli,edecarolig@earthlink.net,Female,193.144.134.252
18,Sophia,Kleis,skleish@webmd.com,Female,97.169.113.183
19,Molli,Vasechkin,mvasechkini@myspace.com,Female,83.150.109.123
20,Kylen,Ascrofte,kascroftej@unc.edu,Female,97.173.111.95
21,Dillie,Alflatt,dalflattk@freewebs.com,Male,73.75.37.206
22,Chan,Nudd,cnuddl@sohu.com,Male,187.67.129.212
23,Koren,Forcade,kforcadem@illinois.edu,Female,174.119.205.139
24,Bella,Ronci,broncin@delicious.com,Female,252.119.40.107
25,Fara,Rabl,frablo@1und1.de,Female,250.225.67.13
26,Alanson,Tringham,atringhamp@shinystat.com,Male,244.83.151.129
27,Sandie,Stratford,sstratfordq@newyorker.com,Female,160.215.150.224
28,Enid,Elloit,eelloitr@loc.gov,Female,42.205.177.209
29,Corby,Kinsey,ckinseys@admin.ch,Male,207.135.9.113
30,Ginnie,Clayal,gclayalt@zimbio.com,Female,132.246.143.4
31,Georgeanna,De Freyne,gdefreyneu@soundcloud.com,Female,222.143.186.113
32,Twila,Castagne,tcastagnev@weibo.com,Female,109.168.233.150
33,Wynny,Teulier,wteulierw@indiatimes.com,Female,136.209.75.202
34,Ki,Bushill,kbushillx@merriam-webster.com,Female,188.196.72.39
35,Alwin,Ordemann,aordemanny@cocolog-nifty.com,Male,161.69.86.103
36,Chandler,Shawdforth,cshawdforthz@naver.com,Male,93.172.180.90
37,Matthus,Ugoletti,mugoletti10@quantcast.com,Male,44.236.82.163
38,Meredith,Aldwinckle,maldwinckle11@apple.com,Male,242.76.120.225
39,Vikky,Alyonov,valyonov12@latimes.com,Female,109.54.49.39
40,Elden,Semerad,esemerad13@cam.ac.uk,Male,26.150.132.105
41,Vonny,Bernakiewicz,vbernakiewicz14@pcworld.com,Female,102.123.70.234
42,Abagael,Lampert,alampert15@nbcnews.com,Female,168.213.231.105
43,Georgi,Grzeszczyk,ggrzeszczyk16@wp.com,Male,68.231.226.162
44,Avrom,Baynes,abaynes17@businesswire.com,Male,207.154.68.13
45,Miranda,Skones,mskones18@ask.com,Female,83.125.247.85
46,Sibelle,MacConnal,smacconnal19@rakuten.co.jp,Female,216.100.36.194
47,Justinian,Larrosa,jlarrosa1a@tinypic.com,Male,198.53.251.43
48,Birch,Keighley,bkeighley1b@redcross.org,Male,154.149.242.92
49,Pren,Records,precords1c@npr.org,Male,204.249.111.239
50,Hieronymus,Greave,hgreave1d@amazonaws.com,Male,136.164.190.77
51,Donna,Milland,dmilland1e@opensource.org,Female,76.192.252.101
52,Ilyssa,Cordle,icordle1f@indiegogo.com,Female,201.144.238.206
53,Webb,Dahmel,wdahmel1g@hud.gov,Male,233.217.10.49
54,Tiebold,Dovington,tdovington1h@spotify.com,Male,137.42.55.89
55,Dennis,Lovel,dlovel1i@google.com.au,Male,247.109.183.233
56,Stesha,Woodfine,swoodfine1j@google.com.br,Female,93.42.187.116
57,Zorine,Blest,zblest1k@theatlantic.com,Female,206.141.148.24
58,Udall,Kobierzycki,ukobierzycki1l@sogou.com,Male,216.26.78.255
59,Ignacio,Ethelston,iethelston1m@pagesperso-orange.fr,Male,118.178.68.53
60,Martita,Kirwan,mkirwan1n@meetup.com,Female,140.94.19.198
61,Lennie,Bartke,lbartke1o@blogtalkradio.com,Male,7.24.54.172
62,Sosanna,Fradson,sfradson1p@wisc.edu,Female,182.181.239.119
63,Alvin,Gribben,agribben1q@de.vu,Male,230.42.86.80
64,Dolli,Scudders,dscudders1r@hatena.ne.jp,Female,122.228.83.154
65,Raleigh,Fullbrook,rfullbrook1s@tripod.com,Male,166.83.244.36
66,Ardis,Spritt,aspritt1t@privacy.gov.au,Female,53.224.77.177
67,Carleton,Verrell,cverrell1u@reference.com,Male,85.34.10.74
68,Henka,MacPadene,hmacpadene1v@people.com.cn,Female,41.231.77.172
69,Mareah,Lightfoot,mlightfoot1w@baidu.com,Female,59.154.229.24
70,Sasha,Arndell,sarndell1x@dmoz.org,Male,4.123.190.42
71,Helyn,Valerius,hvalerius1y@elpais.com,Female,196.195.15.159
72,Lucila,Bretland,lbretland1z@accuweather.com,Female,40.158.136.164
73,Ursala,Wanka,uwanka20@mlb.com,Female,162.198.46.214
74,Gearard,Heggison,gheggison21@jigsy.com,Male,155.222.100.13
75,Krispin,Winchcum,kwinchcum22@mozilla.com,Male,245.14.46.80
76,Elizabet,Tickel,etickel23@slate.com,Female,170.201.241.216
77,Jeromy,Abrami,jabrami24@businessinsider.com,Male,38.45.205.215
78,Elwyn,Cassius,ecassius25@g.co,Male,88.51.133.107
79,Umeko,Chitter,uchitter26@free.fr,Female,28.162.5.145
80,Danie,Clemits,dclemits27@paypal.com,Male,78.200.59.127
81,Fifine,Chattelaine,fchattelaine28@discuz.net,Female,216.9.203.178
82,Audrey,Boothman,aboothman29@dedecms.com,Female,103.154.185.12
83,Mead,Cuss,mcuss2a@last.fm,Male,141.93.145.186
84,Carlee,Radloff,cradloff2b@nbcnews.com,Female,59.250.213.13
85,Demott,Seymark,dseymark2c@shareasale.com,Male,82.208.89.189
86,Liam,Liddel,lliddel2d@usnews.com,Male,206.226.21.132
87,Alexio,Charsley,acharsley2e@nytimes.com,Male,181.107.217.125
88,Deloris,McLeoid,dmcleoid2f@ebay.com,Female,242.114.67.55
89,Peter,Shipp,pshipp2g@google.ca,Male,123.0.206.1
90,Osbourne,Rodbourne,orodbourne2h@livejournal.com,Male,189.242.33.67
91,Esmeralda,Parrington,eparrington2i@github.com,Female,93.143.114.40
92,Harriett,Labrom,hlabrom2j@merriam-webster.com,Female,73.164.126.162
93,Fredek,Evens,fevens2k@dion.ne.jp,Male,221.14.203.87
94,Frankie,Rappaport,frappaport2l@zimbio.com,Male,139.207.138.248
95,Rob,Skewis,rskewis2m@github.com,Male,106.198.80.30
96,Puff,Nolin,pnolin2n@bbb.org,Male,21.46.44.215
97,Kelley,Slocumb,kslocumb2o@myspace.com,Male,135.234.88.88
98,Brion,Antrack,bantrack2p@statcounter.com,Male,130.208.49.216
99,Ynez,Pawnsford,ypawnsford2q@businessinsider.com,Female,39.21.7.179
100,Germain,Gress,ggress2r@instagram.com,Female,255.245.83.63
101,Deloria,Dullard,ddullard2s@addtoany.com,Female,158.12.226.203
102,Viki,Footitt,vfootitt2t@whitehouse.gov,Female,133.144.242.140
103,Aileen,Oxbrough,aoxbrough2u@engadget.com,Female,42.87.141.69
104,Rakel,Dawtry,rdawtry2v@examiner.com,Female,243.112.161.111
105,Rollin,Lenahan,rlenahan2w@cloudflare.com,Male,235.120.44.221
106,Waverly,Gages,wgages2x@dropbox.com,Male,218.167.173.48
107,Werner,Licciardo,wlicciardo2y@amazonaws.com,Male,98.82.122.191
108,Falito,Pybus,fpybus2z@simplemachines.org,Male,19.40.14.171
109,Dyann,Bernardeschi,dbernardeschi30@bbb.org,Female,129.139.175.235
110,Bunni,Koeppe,bkoeppe31@hud.gov,Female,39.53.225.10
111,Boniface,Paddemore,bpaddemore32@pcworld.com,Male,191.78.181.234
112,Samantha,Splain,ssplain33@omniture.com,Female,240.49.54.7
113,Shelagh,Burger,sburger34@rediff.com,Female,5.234.243.237
114,Davita,Keedy,dkeedy35@hexun.com,Female,59.83.7.47
115,Gun,Muskett,gmuskett36@histats.com,Male,130.189.229.49
116,Mohammed,Findlay,mfindlay37@craigslist.org,Male,81.221.163.127
117,Omar,Vallance,ovallance38@ed.gov,Male,79.45.129.3
118,Der,Gretham,dgretham39@sciencedaily.com,Male,216.205.211.73
119,Hagen,Novis,hnovis3a@japanpost.jp,Male,211.233.34.95
120,Clayborn,Cartman,ccartman3b@sakura.ne.jp,Male,172.209.14.222
121,Maximo,Anderer,manderer3c@japanpost.jp,Male,74.64.31.53
122,Mikol,Cull,mcull3d@seesaa.net,Male,112.137.199.55
123,Pippo,Bloschke,pbloschke3e@wiley.com,Male,80.75.191.146
124,Hayes,Bucknill,hbucknill3f@who.int,Male,207.59.252.255
125,Kyrstin,Valde,kvalde3g@loc.gov,Female,5.133.205.246
126,Corabelle,Nalder,cnalder3h@over-blog.com,Female,232.217.216.22
127,Rustin,Kerrane,rkerrane3i@auda.org.au,Male,106.115.98.238
128,Des,Miquelet,dmiquelet3j@goo.ne.jp,Male,74.142.63.183
129,Monty,Lanceley,mlanceley3k@feedburner.com,Male,231.75.136.45
130,Nolan,Franssen,nfranssen3l@discuz.net,Male,252.165.121.94
131,Anthe,Culley,aculley3m@springer.com,Female,38.213.166.52
132,Justinian,Loughnan,jloughnan3n@marriott.com,Male,199.121.93.4
133,Blanch,Erley,berley3o@rediff.com,Female,222.225.91.172
134,Abramo,Huggons,ahuggons3p@webeden.co.uk,Male,236.79.159.2
135,Fraser,MacQueen,fmacqueen3q@vkontakte.ru,Male,16.61.92.120
136,Delinda,Abramsky,dabramsky3r@intel.com,Female,161.110.235.101
137,Aurora,MacCallum,amaccallum3s@fc2.com,Female,20.8.47.220
138,Darby,Pittendreigh,dpittendreigh3t@opera.com,Male,33.146.172.153
139,Alyson,Conerding,aconerding3u@vimeo.com,Female,57.159.60.13
140,Lezley,Colquite,lcolquite3v@cbslocal.com,Male,87.63.105.16
141,Romeo,Lydford,rlydford3w@ucoz.ru,Male,144.120.134.175
142,Kean,Ventam,kventam3x@reverbnation.com,Male,9.80.32.216
143,Norma,Bracer,nbracer3y@blogspot.com,Female,186.207.103.216
144,Tatiania,Iltchev,tiltchev3z@apple.com,Female,23.182.163.134
145,Heddie,Lambrick,hlambrick40@home.pl,Female,130.96.113.127
146,Andres,Mingardi,amingardi41@tripod.com,Male,169.85.115.93
147,Husein,Wayper,hwayper42@mit.edu,Male,233.133.237.247
148,Anestassia,MacNeilly,amacneilly43@nps.gov,Female,75.29.152.72
149,Lockwood,Foxen,lfoxen44@mashable.com,Male,159.2.2.183
150,Marjorie,Grizard,mgrizard45@imageshack.us,Female,20.25.252.141
151,Ivy,Charlot,icharlot46@dailymail.co.uk,Female,151.194.147.234
152,Anthia,Mc Giffin,amcgiffin47@google.com.hk,Female,96.75.220.88
153,Chantal,Kief,ckief48@yahoo.co.jp,Female,171.220.130.235
154,Merrie,Mathen,mmathen49@w3.org,Female,166.203.9.2
155,Zeke,Parnham,zparnham4a@disqus.com,Male,92.114.55.30
156,Hamish,Rowett,hrowett4b@newsvine.com,Male,86.139.84.150
157,Allyn,Chicotti,achicotti4c@trellian.com,Male,139.10.221.92
158,Niel,Hyndson,nhyndson4d@netlog.com,Male,30.194.143.233
159,Judy,Broomer,jbroomer4e@goo.ne.jp,Female,113.4.218.241
160,Rip,Yurinov,ryurinov4f@intel.com,Male,133.139.90.221
161,Dareen,Hellis,dhellis4g@unicef.org,Female,166.43.196.246
162,Tallie,Twinbourne,ttwinbourne4h@privacy.gov.au,Male,103.189.32.110
163,Eberhard,Dyett,edyett4i@cbc.ca,Male,71.234.104.200
164,Rubin,Danton,rdanton4j@opensource.org,Male,40.181.24.230
165,Silvanus,Dunstone,sdunstone4k@artisteer.com,Male,19.87.180.95
166,Germana,Meagher,gmeagher4l@devhub.com,Female,76.245.223.245
167,Doralyn,Barkes,dbarkes4m@google.es,Female,131.108.112.207
168,Eve,Dunstone,edunstone4n@ftc.gov,Female,94.176.208.154
169,Ashlin,Magnar,amagnar4o@reverbnation.com,Male,83.178.115.198
170,Marlo,Spatari,mspatari4p@scribd.com,Male,191.66.30.234
171,Maegan,Faire,mfaire4q@china.com.cn,Female,238.196.52.226
172,Adriano,Somersett,asomersett4r@cloudflare.com,Male,23.231.253.75
173,Sena,Deinhardt,sdeinhardt4s@163.com,Female,13.54.242.217
174,Paule,Laffoley-Lane,plaffoleylane4t@google.co.jp,Female,199.25.168.187
175,Dylan,Boyat,dboyat4u@so-net.ne.jp,Male,79.87.116.8
176,Dannel,Siss,dsiss4v@reverbnation.com,Male,29.26.115.1
177,Niki,Kelmere,nkelmere4w@wikia.com,Male,206.57.32.118
178,Desmund,Patchett,dpatchett4x@tripadvisor.com,Male,19.140.26.234
179,Janith,Zelake,jzelake4y@goo.ne.jp,Female,225.39.147.179
180,Bent,Shales,bshales4z@bluehost.com,Male,152.204.252.14
181,Doreen,Cutchee,dcutchee50@cbsnews.com,Female,120.33.244.242
182,Wells,Purle,wpurle51@webs.com,Male,175.134.221.131
183,Jenna,Crossfeld,jcrossfeld52@google.com.hk,Female,186.117.165.33
184,Mellisent,Anfusso,manfusso53@istockphoto.com,Female,112.114.2.119
185,Caleb,Conley,cconley54@bbc.co.uk,Male,176.52.65.154
186,D'arcy,Hannabus,dhannabus55@hexun.com,Male,77.21.123.114
187,Ania,Campey,acampey56@webnode.com,Female,140.213.24.72
188,Kienan,Hubbucks,khubbucks57@pbs.org,Male,172.10.182.51
189,Brent,Swires,bswires58@illinois.edu,Male,22.106.59.43
190,Gilligan,Kidner,gkidner59@yelp.com,Female,234.91.97.91
191,Beau,Buesden,bbuesden5a@google.cn,Male,248.176.76.255
192,Fairlie,Rushbury,frushbury5b@yale.edu,Male,70.97.124.166
193,Irv,Lantry,ilantry5c@cnbc.com,Male,194.107.71.224
194,Glenna,Lathee,glathee5d@ft.com,Female,228.70.104.54
195,Lu,Edkins,ledkins5e@cloudflare.com,Female,176.4.103.174
196,Jerald,Sayce,jsayce5f@ucsd.edu,Male,20.86.125.255
197,Esmeralda,Biset,ebiset5g@boston.com,Female,233.40.247.184
198,Sal,Abramski,sabramski5h@accuweather.com,Female,36.82.138.8
199,Alix,Weetch,aweetch5i@amazon.de,Female,170.154.150.134
200,Thorin,Rymill,trymill5j@cbslocal.com,Male,186.132.148.174
201,Vonny,Ocheltree,vocheltree5k@about.com,Female,52.31.52.23
202,Connor,Mathen,cmathen5l@accuweather.com,Male,162.155.148.93
203,Kelsy,Blooman,kblooman5m@aboutads.info,Female,153.118.73.236
204,Constantino,Shopcott,cshopcott5n@abc.net.au,Male,39.32.208.208
205,Tish,Forrest,tforrest5o@posterous.com,Female,79.232.28.22
206,Doug,Defont,ddefont5p@tuttocitta.it,Male,124.173.254.245
207,Heddie,Berthe,hberthe5q@bigcartel.com,Female,210.22.134.74
208,Kirk,Saye,ksaye5r@sciencedirect.com,Male,239.21.63.197
209,Davis,Carnilian,dcarnilian5s@histats.com,Male,32.151.217.100
210,Carry,Parsand,cparsand5t@nih.gov,Female,17.237.15.145
211,Tate,Dybell,tdybell5u@dailymotion.com,Female,217.160.100.244
212,Netta,Caird,ncaird5v@phpbb.com,Female,11.213.113.251
213,Leann,Scurrah,lscurrah5w@google.ru,Female,2.140.149.90
214,Barnabas,Tyrone,btyrone5x@reference.com,Male,28.147.221.44
215,Zed,Ziemke,zziemke5y@ocn.ne.jp,Male,181.99.251.131
216,Hugh,Ready,hready5z@skype.com,Male,160.234.141.221
217,Hy,Shotbolt,hshotbolt60@netvibes.com,Male,49.185.85.42
218,Garold,Straun,gstraun61@angelfire.com,Male,221.140.2.123
219,Elisabet,Ghidelli,eghidelli62@dion.ne.jp,Female,62.135.51.230
220,Thomas,Lympany,tlympany63@hexun.com,Male,19.214.252.241
221,Clement,Allatt,callatt64@marketwatch.com,Male,211.100.112.7
222,Hillard,Oldridge,holdridge65@omniture.com,Male,27.99.18.198
223,Bart,Warfield,bwarfield66@discuz.net,Male,12.219.209.52
224,Ileana,Statham,istatham67@blogtalkradio.com,Female,133.59.75.251
225,Erny,Kneel,ekneel68@utexas.edu,Male,26.239.150.26
226,Allison,Blazeby,ablazeby69@de.vu,Female,121.187.94.26
227,Hillie,Bosman,hbosman6a@adobe.com,Male,32.82.115.38
228,Adriana,Scawn,ascawn6b@paginegialle.it,Female,131.219.168.173
229,Sissy,Michele,smichele6c@webs.com,Female,176.154.224.120
230,Jolee,Dur,jdur6d@ebay.com,Female,248.152.64.141
231,Dallon,Barrat,dbarrat6e@bluehost.com,Male,21.165.166.81
232,Cati,Penticost,cpenticost6f@dagondesign.com,Female,143.206.24.198
233,Hallie,Anscombe,hanscombe6g@exblog.jp,Female,186.251.166.179
234,Vince,Cicchinelli,vcicchinelli6h@dropbox.com,Male,14.87.127.100
235,Harlen,Maberley,hmaberley6i@edublogs.org,Male,224.239.184.250
236,Cicily,McGall,cmcgall6j@msu.edu,Female,200.45.56.65
237,Myrlene,Dubber,mdubber6k@goo.gl,Female,65.227.221.154
238,Benny,Bake,bbake6l@mysql.com,Female,128.5.160.107
239,Bordie,Paten,bpaten6m@webmd.com,Male,217.238.94.233
240,Margaretta,Kleinhausen,mkleinhausen6n@rambler.ru,Female,165.211.93.183
241,Jonah,Daniell,jdaniell6o@sohu.com,Male,63.30.138.162
242,Mayer,Barfield,mbarfield6p@spiegel.de,Male,160.232.118.189
243,Jacqueline,Polley,jpolley6q@etsy.com,Female,163.143.58.45
244,Zared,Marcoolyn,zmarcoolyn6r@hugedomains.com,Male,164.208.30.109
245,Celka,Ilyin,cilyin6s@mysql.com,Female,217.139.155.97
246,Leonid,Trayling,ltrayling6t@time.com,Male,110.182.190.82
247,Trudy,Course,tcourse6u@a8.net,Female,81.154.15.85
248,Felic,Baldry,fbaldry6v@so-net.ne.jp,Male,107.225.238.108
249,Marybelle,Casbourne,mcasbourne6w@dailymotion.com,Female,18.66.151.73
250,Nathaniel,Ashlin,nashlin6x@reuters.com,Male,253.182.62.33
251,Dennis,Aiton,daiton6y@fastcompany.com,Male,244.69.117.177
252,Haily,Maund,hmaund6z@zimbio.com,Female,227.230.184.27
253,Abby,Gonin,agonin70@pinterest.com,Female,146.180.149.217
254,Bentlee,Haslock,bhaslock71@1688.com,Male,104.71.238.244
255,Quint,Kaes,qkaes72@skyrock.com,Male,11.16.48.127
256,Faber,Candwell,fcandwell73@cyberchimps.com,Male,83.131.85.78
257,Timmie,Ishchenko,tishchenko74@blogtalkradio.com,Male,122.208.134.67
258,Vitoria,Bliben,vbliben75@illinois.edu,Female,107.249.72.24
259,Rosanna,Durnell,rdurnell76@ebay.com,Female,171.111.10.187
260,Ax,Sudworth,asudworth77@mtv.com,Male,207.83.103.223
261,Cari,Raff,craff78@java.com,Female,195.45.51.175
262,Mycah,Chesworth,mchesworth79@webmd.com,Male,84.115.253.144
263,Hobart,Preble,hpreble7a@hexun.com,Male,243.65.190.157
264,Constantin,Gwillyam,cgwillyam7b@purevolume.com,Male,137.228.2.2
265,Ekaterina,McFadzean,emcfadzean7c@fastcompany.com,Female,31.135.39.137
266,Gabriela,Janny,gjanny7d@usa.gov,Female,216.28.148.1
267,Giusto,Houldcroft,ghouldcroft7e@china.com.cn,Male,162.154.148.122
268,Timotheus,Reyne,treyne7f@mac.com,Male,140.168.129.19
269,Forster,Cordner,fcordner7g@latimes.com,Male,120.254.90.226
270,Curtis,Gettone,cgettone7h@admin.ch,Male,32.77.245.115
271,Jackie,Stranahan,jstranahan7i@statcounter.com,Male,226.73.185.150
272,Casper,Billes,cbilles7j@marketwatch.com,Male,38.147.68.22
273,Law,Lapsley,llapsley7k@deliciousdays.com,Male,130.251.110.156
274,Cristie,Mongin,cmongin7l@t-online.de,Female,213.206.226.56
275,Erhard,Veillard,eveillard7m@wikia.com,Male,103.146.250.176
276,Bennett,Napton,bnapton7n@over-blog.com,Male,239.182.121.209
277,Morry,Parr,mparr7o@yellowbook.com,Male,157.241.188.76
278,Carla,Inmett,cinmett7p@squidoo.com,Female,71.159.11.16
279,Bettye,Catterick,bcatterick7q@mapquest.com,Female,184.163.169.13
280,Lisbeth,Swift,lswift7r@alibaba.com,Female,193.91.203.201
281,Warren,Badland,wbadland7s@sohu.com,Male,41.146.153.3
282,Rorke,Hallatt,rhallatt7t@miibeian.gov.cn,Male,85.14.149.194
283,Lance,Manz,lmanz7u@nationalgeographic.com,Male,145.91.132.221
284,Mareah,Agius,magius7v@nsw.gov.au,Female,194.111.181.232
285,Nicki,Matkovic,nmatkovic7w@instagram.com,Female,59.113.198.231
286,Alf,Kiljan,akiljan7x@archive.org,Male,223.227.79.75
287,Torre,Varnals,tvarnals7y@berkeley.edu,Male,67.46.98.67
288,Sonny,Ashfold,sashfold7z@constantcontact.com,Male,81.202.245.239
289,Rance,Gebbie,rgebbie80@ocn.ne.jp,Male,38.58.83.33
290,Smith,Ollander,sollander81@w3.org,Male,106.67.190.179
291,Merla,Yeeles,myeeles82@list-manage.com,Female,111.190.139.235
292,Drucy,Burgill,dburgill83@sohu.com,Female,144.101.195.52
293,Fredrick,Plascott,fplascott84@gov.uk,Male,238.135.25.56
294,Ulises,Binns,ubinns85@un.org,Male,170.254.213.210
295,Emerson,Paeckmeyer,epaeckmeyer86@elegantthemes.com,Male,54.188.46.147
296,Alfonso,Ullett,aullett87@alexa.com,Male,52.74.144.146
297,Kit,Antoniottii,kantoniottii88@google.cn,Female,240.219.22.133
298,Chico,Iddons,ciddons89@wikispaces.com,Male,64.155.16.133
299,Perkin,Robberts,probberts8a@elpais.com,Male,86.164.121.25
300,Rubi,Hubane,rhubane8b@wisc.edu,Female,57.66.44.176
301,Mariellen,Philliskirk,mphilliskirk8c@hud.gov,Female,63.23.90.19
302,Leif,Skelington,lskelington8d@eepurl.com,Male,24.121.51.149
303,Morganica,Gatus,mgatus8e@mtv.com,Female,71.195.199.112
304,Nita,Hennemann,nhennemann8f@ocn.ne.jp,Female,182.83.111.23
305,Mendie,Salkeld,msalkeld8g@plala.or.jp,Male,229.217.193.147
306,Basilio,Stonestreet,bstonestreet8h@google.ca,Male,161.15.97.114
307,Hy,Stannis,hstannis8i@free.fr,Male,15.207.23.190
308,Silvio,Gowanlock,sgowanlock8j@ftc.gov,Male,132.48.147.21
309,Lawton,Player,lplayer8k@nationalgeographic.com,Male,131.251.41.18
310,Elsinore,Kryzhov,ekryzhov8l@ucoz.com,Female,42.3.219.222
311,Kari,Tummons,ktummons8m@altervista.org,Female,25.17.200.163
312,Damiano,Hallyburton,dhallyburton8n@shutterfly.com,Male,127.207.182.112
313,Horacio,Nyles,hnyles8o@sciencedirect.com,Male,166.94.35.57
314,Garrot,Castagneri,gcastagneri8p@examiner.com,Male,0.143.132.110
315,Rolph,Hellier,rhellier8q@blogspot.com,Male,89.0.150.252
316,Florian,Menghi,fmenghi8r@feedburner.com,Male,144.196.218.77
317,Miner,Mossdale,mmossdale8s@usnews.com,Male,103.2.182.209
318,Sanders,Petrulis,spetrulis8t@smh.com.au,Male,150.187.75.46
319,Alasteir,Shillingford,ashillingford8u@boston.com,Male,216.85.181.168
320,Mellicent,Weymouth,mweymouth8v@myspace.com,Female,71.247.167.160
321,Jocko,Auchterlonie,jauchterlonie8w@ezinearticles.com,Male,70.106.231.123
322,Marge,Hamber,mhamber8x@ucoz.com,Female,7.46.144.106
323,Roth,Hadlee,rhadlee8y@smh.com.au,Male,168.146.91.46
324,Eldridge,Shutte,eshutte8z@bloglines.com,Male,175.67.86.181
325,Kinny,Buxsy,kbuxsy90@bing.com,Male,143.126.22.56
326,Dagmar,Kilmary,dkilmary91@statcounter.com,Female,195.239.143.191
327,Colene,Brant,cbrant92@addthis.com,Female,79.243.66.14
328,Muffin,Crohan,mcrohan93@nasa.gov,Male,20.95.215.214
329,Christen,Cansfield,ccansfield94@oracle.com,Female,70.42.236.40
330,Flint,Bulfoot,fbulfoot95@ifeng.com,Male,227.121.49.100
331,Velma,Farleigh,vfarleigh96@redcross.org,Female,136.47.187.252
332,Rose,Buterton,rbuterton97@unblog.fr,Female,137.140.31.125
333,Temple,Blankenship,tblankenship98@pagesperso-orange.fr,Male,105.152.184.212
334,Abramo,Jull,ajull99@irs.gov,Male,242.78.99.45
335,Lazarus,Emmins,lemmins9a@bbb.org,Male,176.15.186.130
336,Kassia,Haddinton,khaddinton9b@ucsd.edu,Female,45.117.122.236
337,Menard,Sommerville,msommerville9c@hao123.com,Male,178.103.60.126
338,Alvie,Chezelle,achezelle9d@house.gov,Male,204.50.220.166
339,Rockey,Kingshott,rkingshott9e@fema.gov,Male,93.225.223.50
340,Maxi,Le Estut,mleestut9f@feedburner.com,Female,89.158.134.127
341,Cirillo,Perks,cperks9g@princeton.edu,Male,8.56.166.154
342,Audre,Mussard,amussard9h@ameblo.jp,Female,238.117.136.224
343,Hillary,Middle,hmiddle9i@moonfruit.com,Male,134.165.71.119
344,Claude,Lathom,clathom9j@taobao.com,Female,171.3.34.212
345,Dee,Lough,dlough9k@fda.gov,Female,194.195.68.43
346,Merrill,Bigadike,mbigadike9l@mac.com,Female,217.227.244.118
347,Ross,Ricca,rricca9m@meetup.com,Male,172.234.213.145
348,Deedee,Verillo,dverillo9n@hao123.com,Female,247.201.139.42
349,Wynnie,Poundford,wpoundford9o@irs.gov,Female,9.18.115.108
350,Pearce,Craker,pcraker9p@jiathis.com,Male,75.217.25.10
351,Horten,Chaters,hchaters9q@house.gov,Male,246.147.201.87
352,Nil,Ferrick,nferrick9r@disqus.com,Male,231.118.0.230
353,Tanny,Mervyn,tmervyn9s@google.com,Male,82.219.251.167
354,Yule,Martt,ymartt9t@people.com.cn,Male,10.21.102.102
355,Pail,Idney,pidney9u@vk.com,Male,208.99.40.190
356,Gregoor,Longhurst,glonghurst9v@psu.edu,Male,111.212.30.47
357,Fernande,Erangy,ferangy9w@1und1.de,Female,243.220.183.25
358,Rosemonde,Jeannin,rjeannin9x@blogs.com,Female,54.44.233.170
359,Jodi,Gretham,jgretham9y@wsj.com,Male,195.143.233.142
360,Creighton,Landrieu,clandrieu9z@google.de,Male,175.33.94.165
361,Lexi,Antosik,lantosika0@scientificamerican.com,Female,85.121.133.253
362,Tremayne,Hardage,thardagea1@apache.org,Male,5.107.83.108
363,Perceval,Battleson,pbattlesona2@t-online.de,Male,58.79.27.133
364,Haslett,Colleran,hcollerana3@dmoz.org,Male,89.217.137.23
365,Salim,Blaver,sblavera4@sbwire.com,Male,208.33.160.228
366,Powell,Cleminson,pcleminsona5@instagram.com,Male,194.158.165.62
367,Benni,Ellick,bellicka6@mac.com,Female,134.230.86.237
368,Clarette,Longworthy,clongworthya7@sciencedaily.com,Female,156.67.85.189
369,Witty,Campes,wcampesa8@patch.com,Male,247.252.52.129
370,Vere,Cabena,vcabenaa9@symantec.com,Female,214.60.5.242
371,Adriano,Greenan,agreenanaa@mlb.com,Male,44.192.210.88
372,Mart,Hinstock,mhinstockab@networksolutions.com,Male,9.193.252.225
373,Padraic,O'Dooghaine,podooghaineac@google.pl,Male,188.31.76.45
374,Yorgos,Spat,yspatad@mediafire.com,Male,222.255.81.60
375,Charmian,Sharply,csharplyae@joomla.org,Female,142.88.43.47
376,Gertrude,Pietsma,gpietsmaaf@sfgate.com,Female,68.229.228.217
377,Elsbeth,Kinkead,ekinkeadag@marriott.com,Female,54.27.70.99
378,Martie,Pickersgill,mpickersgillah@altervista.org,Male,184.124.161.24
379,Matias,Portigall,mportigallai@reuters.com,Male,120.95.97.56
380,Austine,Behagg,abehaggaj@arstechnica.com,Female,149.225.30.218
381,Anestassia,Spikeings,aspikeingsak@desdev.cn,Female,37.92.157.28
382,Dierdre,Longson,dlongsonal@microsoft.com,Female,15.46.130.234
383,Laurel,Widdicombe,lwiddicombeam@booking.com,Female,134.152.103.38
384,Nanice,Perillo,nperilloan@cocolog-nifty.com,Female,79.176.234.99
385,Odetta,Point,opointao@cnet.com,Female,175.10.62.183
386,Bird,Hinrichs,bhinrichsap@ovh.net,Female,246.3.71.12
387,Darnall,Hembry,dhembryaq@arizona.edu,Male,180.59.35.175
388,Stuart,Styche,sstychear@dmoz.org,Male,23.51.67.96
389,Renado,Snell,rsnellas@wix.com,Male,48.5.83.15
390,Harmon,Kellert,hkellertat@wikia.com,Male,186.175.80.73
391,Demott,Kneller,dknellerau@sohu.com,Male,235.131.146.65
392,Othella,Poleykett,opoleykettav@360.cn,Female,132.55.5.162
393,Heda,Simister,hsimisteraw@hugedomains.com,Female,44.108.157.137
394,Micah,Crux,mcruxax@github.com,Male,180.134.228.147
395,Dominique,Chancellor,dchancelloray@typepad.com,Female,118.60.204.222
396,Courtney,Ivermee,civermeeaz@github.io,Female,19.225.164.211
397,Mathew,Gore,mgoreb0@photobucket.com,Male,188.132.25.39
398,Thia,Stokey,tstokeyb1@vkontakte.ru,Female,169.59.205.186
399,Corbet,Hun,chunb2@ca.gov,Male,180.126.87.78
400,Ly,Venmore,lvenmoreb3@bloglovin.com,Male,106.14.63.227
401,Desmond,Stenett,dstenettb4@imageshack.us,Male,245.225.239.215
402,Finn,Meriet,fmerietb5@netlog.com,Male,228.237.20.233
403,Malynda,Boggon,mboggonb6@list-manage.com,Female,58.187.125.1
404,Kaycee,Eustice,keusticeb7@wikia.com,Female,94.70.134.169
405,Wald,Allchin,wallchinb8@ft.com,Male,11.58.143.228
406,Allissa,Scurr,ascurrb9@cam.ac.uk,Female,118.233.149.123
407,Sibylla,Gonzalvo,sgonzalvoba@pcworld.com,Female,58.211.169.87
408,Stanford,Scrivens,sscrivensbb@google.cn,Male,214.126.158.203
409,Nesta,Ockwell,nockwellbc@naver.com,Female,207.204.224.81
410,Dorry,Mcsarry,dmcsarrybd@instagram.com,Female,3.61.25.114
411,Ogdan,Nairns,onairnsbe@ezinearticles.com,Male,195.219.230.216
412,Aron,Goricke,agorickebf@desdev.cn,Male,46.212.94.170
413,Erma,Gerant,egerantbg@com.com,Female,160.103.75.19
414,Blanca,Hadleigh,bhadleighbh@webmd.com,Female,177.67.48.205
415,Yolande,Hall,yhallbi@wordpress.org,Female,198.13.24.57
416,Laurene,Simmell,lsimmellbj@amazonaws.com,Female,33.67.70.14
417,Junie,Eberz,jeberzbk@aol.com,Female,245.218.68.232
418,Neville,Decourt,ndecourtbl@samsung.com,Male,61.96.66.32
419,Freemon,Koenen,fkoenenbm@ucla.edu,Male,93.81.149.206
420,Fields,Swannell,fswannellbn@linkedin.com,Male,32.96.72.239
421,Bran,Silvermann,bsilvermannbo@webnode.com,Male,106.242.141.101
422,Minnaminnie,Buckthorp,mbuckthorpbp@yahoo.com,Female,99.165.166.106
423,Westley,Sciusscietto,wsciussciettobq@dion.ne.jp,Male,243.129.28.67
424,Justis,Ryland,jrylandbr@constantcontact.com,Male,67.211.200.62
425,Ashlin,Labrow,alabrowbs@google.co.uk,Male,141.243.205.112
426,Augie,McGeachie,amcgeachiebt@ifeng.com,Male,165.126.113.175
427,Bax,Keaves,bkeavesbu@blogtalkradio.com,Male,116.226.106.77
428,Carma,Yoskowitz,cyoskowitzbv@theguardian.com,Female,81.51.79.8
429,Lowrance,Foskin,lfoskinbw@npr.org,Male,166.34.101.162
430,Cloe,Darling,cdarlingbx@europa.eu,Female,191.174.135.67
431,Alvis,Stegel,astegelby@dropbox.com,Male,4.175.193.43
432,Egan,Abrami,eabramibz@wunderground.com,Male,162.99.243.210
433,Meris,Birbeck,mbirbeckc0@fotki.com,Female,124.196.88.9
434,Travus,Carncross,tcarncrossc1@yelp.com,Male,125.6.38.145
435,Kingston,Gaishson,kgaishsonc2@behance.net,Male,220.80.167.182
436,Selena,Boyd,sboydc3@php.net,Female,34.230.208.105
437,Shina,Normington,snormingtonc4@hibu.com,Female,206.119.121.220
438,Derrick,de Lloyd,ddelloydc5@ed.gov,Male,4.43.40.150
439,Darren,Senter,dsenterc6@facebook.com,Male,135.123.39.38
440,Fredia,Hitchens,fhitchensc7@taobao.com,Female,240.173.83.172
441,Paulo,Rubinchik,prubinchikc8@cbc.ca,Male,86.41.107.19
442,Heinrik,Ayliffe,hayliffec9@gov.uk,Male,188.181.13.38
443,Alfie,Tiebe,atiebeca@miitbeian.gov.cn,Male,42.138.227.8
444,Ferris,Tumielli,ftumiellicb@nifty.com,Male,8.211.98.221
445,Putnem,Iggulden,pigguldencc@apple.com,Male,214.75.215.236
446,Bruno,Overington,boveringtoncd@independent.co.uk,Male,133.255.222.29
447,Elmore,Vice,evicece@printfriendly.com,Male,130.131.42.237
448,Emmi,Aymerich,eaymerichcf@woothemes.com,Female,202.18.90.89
449,Jacqueline,Coyle,jcoylecg@rediff.com,Female,183.41.113.109
450,Masha,Bottby,mbottbych@bloglines.com,Female,106.53.180.69
451,Petr,Putley,pputleyci@hostgator.com,Male,138.135.25.36
452,Nathalia,Glaves,nglavescj@imageshack.us,Female,220.103.30.66
453,Jammal,Legg,jleggck@thetimes.co.uk,Male,90.119.3.41
454,Nigel,Duckwith,nduckwithcl@ocn.ne.jp,Male,233.125.227.112
455,Hammad,Gracewood,hgracewoodcm@fotki.com,Male,225.102.111.221
456,Kelcy,MacGow,kmacgowcn@engadget.com,Female,237.212.111.189
457,Ceciley,Ware,cwareco@google.ru,Female,181.49.213.8
458,Otis,Tinmouth,otinmouthcp@icio.us,Male,127.156.170.24
459,Shanna,Wellman,swellmancq@umich.edu,Female,129.27.221.173
460,Eleanor,Garnar,egarnarcr@imgur.com,Female,15.30.170.206
461,Antonin,Kiddy,akiddycs@fema.gov,Male,73.225.167.81
462,Rikki,Esbrook,resbrookct@yellowbook.com,Female,224.160.78.203
463,Patti,Skala,pskalacu@merriam-webster.com,Female,38.222.210.53
464,Chas,Carruthers,ccarrutherscv@amazon.co.jp,Male,106.213.224.11
465,Kalvin,Stonner,kstonnercw@reverbnation.com,Male,29.97.59.129
466,Kelley,Bebbington,kbebbingtoncx@qq.com,Male,148.101.189.120
467,Heath,Ghidetti,hghidetticy@squidoo.com,Female,247.39.3.221
468,Annette,Abramin,aabramincz@weibo.com,Female,253.57.242.47
469,Lilia,Palombi,lpalombid0@omniture.com,Female,134.88.242.57
470,Haily,Cammomile,hcammomiled1@csmonitor.com,Male,83.177.215.239
471,Allx,Writer,awriterd2@angelfire.com,Female,35.35.210.115
472,Free,Gilyott,fgilyottd3@tripadvisor.com,Male,125.24.74.76
473,Keri,Dewicke,kdewicked4@printfriendly.com,Female,226.59.67.104
474,Hector,Feavyour,hfeavyourd5@nasa.gov,Male,195.243.161.96
475,Kaycee,Seiffert,kseiffertd6@xrea.com,Female,43.46.114.68
476,Kim,Scorthorne,kscorthorned7@blogger.com,Male,163.33.191.12
477,Linet,Barrow,lbarrowd8@opera.com,Female,113.119.212.56
478,Barbe,Bereford,bberefordd9@hud.gov,Female,225.170.205.147
479,Auberon,Witnall,awitnallda@dmoz.org,Male,193.238.50.144
480,Jecho,Rylands,jrylandsdb@telegraph.co.uk,Male,114.46.22.195
481,Susanetta,Saller,ssallerdc@istockphoto.com,Female,232.196.49.255
482,Mathias,Fallawe,mfallawedd@nasa.gov,Male,158.69.77.177
483,Howey,Treend,htreendde@stanford.edu,Male,140.124.69.10
484,Tana,Hartshorn,thartshorndf@delicious.com,Female,91.20.169.84
485,Ruthanne,Spraberry,rspraberrydg@istockphoto.com,Female,102.149.22.127
486,Edwin,Pett,epettdh@digg.com,Male,4.77.0.157
487,Shurlock,Kyston,skystondi@mayoclinic.com,Male,179.133.103.13
488,Ambrosius,Ivantsov,aivantsovdj@nymag.com,Male,105.84.89.115
489,Tani,Towriss,ttowrissdk@twitpic.com,Female,125.130.31.128
490,Eydie,McGlade,emcgladedl@mac.com,Female,178.127.184.200
491,Skipton,Tadlow,stadlowdm@shareasale.com,Male,170.237.30.244
492,Noelyn,Gerold,ngerolddn@tuttocitta.it,Female,46.219.28.219
493,Archer,Taynton,atayntondo@youtu.be,Male,165.16.225.184
494,Fax,Wilmore,fwilmoredp@paginegialle.it,Male,5.56.104.60
495,Elayne,Hymor,ehymordq@biblegateway.com,Female,120.136.161.56
496,Stefanie,Rossi,srossidr@mac.com,Female,254.217.247.3
497,Robinson,Titcumb,rtitcumbds@nbcnews.com,Male,228.67.73.153
498,Cammy,Colenutt,ccolenuttdt@aol.com,Male,46.41.204.144
499,Cara,Sayes,csayesdu@sourceforge.net,Female,197.89.146.226
500,Broddie,Manston,bmanstondv@huffingtonpost.com,Male,59.98.61.116
501,Torey,Deegin,tdeegindw@google.cn,Male,231.18.22.252
502,Alisa,Ridel,arideldx@linkedin.com,Female,37.179.3.212
503,Beulah,Riseborough,briseboroughdy@usda.gov,Female,17.119.148.199
504,Burr,Brumby,bbrumbydz@pagesperso-orange.fr,Male,165.15.12.143
505,Wendall,Erley,werleye0@ibm.com,Male,212.80.199.243
506,Hugibert,Stickells,hstickellse1@slate.com,Male,39.196.252.137
507,Audi,Farrant,afarrante2@independent.co.uk,Female,143.244.19.148
508,Luci,Glaysher,lglayshere3@usda.gov,Female,34.162.246.151
509,Garrard,Gallihawk,ggallihawke4@bravesites.com,Male,6.21.69.169
510,Jorry,Ridout,jridoute5@webnode.com,Female,215.199.28.156
511,Fanchon,Scotchbourouge,fscotchbourougee6@stanford.edu,Female,90.103.225.253
512,Duane,Slorach,dslorache7@ed.gov,Male,247.88.66.188
513,Kathye,Willingam,kwillingame8@ovh.net,Female,25.133.157.25
514,Lancelot,Lerven,llervene9@msn.com,Male,245.34.207.210
515,Marnia,Prate,mprateea@google.com.au,Female,239.233.233.12
516,Colby,Itzchaki,citzchakieb@histats.com,Male,36.172.68.121
517,Ellene,Brauns,ebraunsec@noaa.gov,Female,171.24.149.78
518,Clary,Antonik,cantoniked@nydailynews.com,Female,87.95.86.51
519,Bendix,Orange,borangeee@noaa.gov,Male,112.73.138.15
520,Khalil,Harring,kharringef@si.edu,Male,106.125.180.161
521,Wilbert,Arch,warcheg@imageshack.us,Male,62.200.70.160
522,Ginger,Corneck,gcorneckeh@telegraph.co.uk,Male,196.25.174.180
523,Jermayne,Lampkin,jlampkinei@psu.edu,Male,187.67.166.116
524,Giselbert,Peyton,gpeytonej@ovh.net,Male,245.17.206.77
525,Crysta,Chawner,cchawnerek@accuweather.com,Female,168.192.178.17
526,Traver,Lammas,tlammasel@marketwatch.com,Male,67.25.183.159
527,Price,Tytherton,ptythertonem@weibo.com,Male,170.251.95.9
528,Rickey,Drivers,rdriversen@sogou.com,Male,109.176.138.82
529,Ernestus,Partlett,epartletteo@vinaora.com,Male,235.225.191.127
530,Loretta,Rapier,lrapierep@sciencedirect.com,Female,19.29.236.148
531,Kenna,Scholes,kscholeseq@mail.ru,Female,53.242.29.207
532,Matthias,Camsey,mcamseyer@yellowpages.com,Male,245.238.6.234
533,Erhard,Moulson,emoulsones@dailymail.co.uk,Male,39.180.81.219
534,Genevra,Scrivenor,gscrivenoret@usatoday.com,Female,112.241.183.230
535,Decca,Barstow,dbarstoweu@goodreads.com,Male,212.190.68.190
536,Joly,Luddy,jluddyev@360.cn,Female,87.37.252.216
537,Kingsley,Batham,kbathamew@google.com,Male,62.185.210.159
538,Thebault,Estick,testickex@imageshack.us,Male,220.139.90.236
539,Jamison,McDougall,jmcdougalley@craigslist.org,Male,182.250.65.111
540,Arliene,Roddy,aroddyez@a8.net,Female,235.67.227.63
541,Valery,McCrae,vmccraef0@chron.com,Female,37.34.14.130
542,Christopher,Lorrain,clorrainf1@cpanel.net,Male,187.162.123.156
543,Gavrielle,Glennard,gglennardf2@imgur.com,Female,54.146.26.236
544,Nikki,Otteridge,notteridgef3@google.de,Female,160.66.103.13
545,Annalise,Hannent,ahannentf4@comcast.net,Female,157.79.23.22
546,Vick,Pittendreigh,vpittendreighf5@boston.com,Male,46.164.23.90
547,Jonathan,Zukierman,jzukiermanf6@microsoft.com,Male,107.131.92.177
548,Florence,Ardron,fardronf7@tumblr.com,Female,198.5.124.160
549,Kipp,Tetther,ktettherf8@youtu.be,Male,231.123.232.97
550,Ariel,Alastair,aalastairf9@phpbb.com,Male,101.152.77.46
551,Aloysia,Fewtrell,afewtrellfa@hp.com,Female,224.98.54.42
552,Smitty,Debenham,sdebenhamfb@ask.com,Male,3.170.36.159
553,Pearle,Fortman,pfortmanfc@bluehost.com,Female,26.116.153.92
554,Lamar,Rain,lrainfd@umich.edu,Male,97.181.203.99
555,Lind,Steart,lsteartfe@globo.com,Male,24.161.73.81
556,Reggy,Bass,rbassff@soundcloud.com,Male,89.159.152.245
557,Cicely,Botten,cbottenfg@ehow.com,Female,199.27.87.193
558,Valentia,Pischof,vpischoffh@g.co,Female,244.101.33.38
559,Darda,Simukov,dsimukovfi@mtv.com,Female,178.25.124.51
560,Leicester,Balog,lbalogfj@netlog.com,Male,178.109.83.37
561,Irv,Fonzo,ifonzofk@dagondesign.com,Male,65.214.100.231
562,Vladimir,Scullin,vscullinfl@google.com.au,Male,164.26.2.243
563,Sherwin,Batchelour,sbatchelourfm@unblog.fr,Male,239.181.35.106
564,Gaelan,Ruscoe,gruscoefn@smh.com.au,Male,6.230.56.96
565,Christina,Curedell,ccuredellfo@netlog.com,Female,129.249.163.207
566,Berty,Dobrowolski,bdobrowolskifp@latimes.com,Female,112.228.208.21
567,Emerson,Imison,eimisonfq@spotify.com,Male,127.193.72.150
568,Gavan,Douce,gdoucefr@sakura.ne.jp,Male,249.164.135.171
569,Yorker,Caseri,ycaserifs@bravesites.com,Male,138.223.188.164
570,Abbye,Tuffrey,atuffreyft@thetimes.co.uk,Female,33.74.169.255
571,Julita,Lorraine,jlorrainefu@java.com,Female,136.62.224.62
572,Kirbee,Pask,kpaskfv@naver.com,Female,181.58.119.180
573,Melitta,Gibbe,mgibbefw@hatena.ne.jp,Female,188.212.235.129
574,Robinson,Mathis,rmathisfx@gmpg.org,Male,231.84.133.93
575,Shellie,Boothe,sboothefy@hatena.ne.jp,Female,94.48.215.220
576,Brooke,Bridgewood,bbridgewoodfz@feedburner.com,Male,213.119.129.84
577,Hugibert,Bridge,hbridgeg0@histats.com,Male,169.67.179.76
578,Tessa,Tubbs,ttubbsg1@icq.com,Female,222.6.30.221
579,Harmonie,Durham,hdurhamg2@barnesandnoble.com,Female,152.173.254.19
580,Langston,Roistone,lroistoneg3@so-net.ne.jp,Male,237.130.40.199
581,Riane,Curee,rcureeg4@cdbaby.com,Female,153.41.188.210
582,Tiphani,Labeuil,tlabeuilg5@wisc.edu,Female,201.190.136.1
583,Jemmie,Haylett,jhaylettg6@dot.gov,Female,132.7.5.200
584,Beatriz,Dews,bdewsg7@chronoengine.com,Female,73.140.155.46
585,Consuelo,MacConnulty,cmacconnultyg8@hhs.gov,Female,252.121.160.130
586,Bartholomeo,Klemmt,bklemmtg9@whitehouse.gov,Male,140.27.224.227
587,Hewie,Pipes,hpipesga@pinterest.com,Male,19.88.254.200
588,Melody,Philpault,mphilpaultgb@fastcompany.com,Female,113.17.142.149
589,Rolfe,Cometti,rcomettigc@artisteer.com,Male,228.254.156.208
590,Chicky,Nott,cnottgd@eepurl.com,Male,178.109.146.143
591,Darla,Le Noir,dlenoirge@mtv.com,Female,82.25.88.62
592,Drusie,Noakes,dnoakesgf@independent.co.uk,Female,206.225.228.118
593,Shaine,Alsopp,salsoppgg@apache.org,Male,242.244.174.52
594,Willis,Paulino,wpaulinogh@rambler.ru,Male,43.72.40.46
595,Alyss,Beard,abeardgi@feedburner.com,Female,194.120.54.55
596,Rose,Beach,rbeachgj@who.int,Female,3.37.248.82
597,Gwyneth,Jarred,gjarredgk@blogs.com,Female,199.77.137.137
598,Cece,Struttman,cstruttmangl@loc.gov,Male,106.71.247.150
599,Dulcine,Urvoy,durvoygm@pagesperso-orange.fr,Female,52.37.9.184
600,Barnabas,Bursell,bbursellgn@typepad.com,Male,109.40.149.23
601,Ignace,Went,iwentgo@wired.com,Male,219.177.112.69
602,Nathan,McNamara,nmcnamaragp@netlog.com,Male,146.101.63.66
603,Lenna,McCrorie,lmccroriegq@nsw.gov.au,Female,187.53.6.78
604,Minnaminnie,Laville,mlavillegr@fotki.com,Female,0.36.198.59
605,Rodolph,Brawn,rbrawngs@deviantart.com,Male,250.59.174.196
606,Tabatha,Mellmer,tmellmergt@elpais.com,Female,146.19.12.12
607,Sharon,Tiery,stierygu@lycos.com,Female,246.82.39.164
608,Pryce,Weekly,pweeklygv@sciencedirect.com,Male,228.33.46.28
609,Saudra,Reicharz,sreicharzgw@army.mil,Female,68.73.141.223
610,Doretta,Cavanaugh,dcavanaughgx@fda.gov,Female,53.6.99.141
611,Olive,Lancaster,olancastergy@cdbaby.com,Female,140.250.162.16
612,Rhiamon,Remmer,rremmergz@mlb.com,Female,176.18.31.101
613,Mohandis,Storrar,mstorrarh0@google.com.au,Male,213.252.232.110
614,Gregorio,Daice,gdaiceh1@sfgate.com,Male,175.166.83.33
615,Mitchell,Simcoe,msimcoeh2@furl.net,Male,89.202.51.41
616,Opalina,Bassick,obassickh3@nsw.gov.au,Female,158.73.11.219
617,Hedy,Cordobes,hcordobesh4@alibaba.com,Female,93.143.70.159
618,Yvonne,Bucksey,ybuckseyh5@prnewswire.com,Female,77.174.192.83
619,Emlen,Domeney,edomeneyh6@mac.com,Male,111.153.57.67
620,Peta,Wathey,pwatheyh7@zimbio.com,Female,127.186.99.164
621,Myrtie,Vispo,mvispoh8@ask.com,Female,91.40.42.241
622,Man,Gorman,mgormanh9@tripod.com,Male,209.150.46.32
623,Ritchie,Insull,rinsullha@example.com,Male,185.11.14.160
624,Jehu,Sollime,jsollimehb@theatlantic.com,Male,13.242.237.74
625,Taffy,Fenton,tfentonhc@rambler.ru,Female,40.43.80.111
626,Fawnia,Kenvin,fkenvinhd@trellian.com,Female,59.108.172.54
627,Suzette,Ingleton,singletonhe@flickr.com,Female,211.179.90.48
628,Jakie,Holdren,jholdrenhf@jiathis.com,Male,42.216.122.194
629,Bronnie,Syversen,bsyversenhg@sun.com,Male,33.140.119.249
630,Griz,Warratt,gwarratthh@unc.edu,Male,221.207.146.136
631,Boycey,Murra,bmurrahi@mediafire.com,Male,135.29.40.42
632,Markus,Oldershaw,moldershawhj@cargocollective.com,Male,154.161.224.117
633,Jethro,Gagie,jgagiehk@independent.co.uk,Male,134.148.116.232
634,Morrie,Jenkison,mjenkisonhl@columbia.edu,Male,181.150.150.205
635,Mayor,Orae,moraehm@wiley.com,Male,126.172.16.243
636,Darwin,Josovich,djosovichhn@statcounter.com,Male,9.190.62.188
637,Emmery,Challenger,echallengerho@uiuc.edu,Male,55.72.26.76
638,Lynnelle,Standbridge,lstandbridgehp@mozilla.com,Female,255.254.152.87
639,Rickard,Kinmond,rkinmondhq@newsvine.com,Male,138.143.223.205
640,Derry,Loughhead,dloughheadhr@liveinternet.ru,Male,152.152.4.194
641,Berton,Curryer,bcurryerhs@bloglovin.com,Male,111.126.202.29
642,Gaby,Steere,gsteereht@un.org,Female,201.104.37.120
643,Alfreda,Lente,alentehu@de.vu,Female,147.145.9.174
644,Allison,Scarsbrooke,ascarsbrookehv@deliciousdays.com,Female,41.176.126.178
645,Elwira,Mattea,ematteahw@altervista.org,Female,119.193.3.241
646,Iolande,Nys,inyshx@behance.net,Female,87.114.50.154
647,Brandi,Wordesworth,bwordesworthhy@yellowbook.com,Female,41.222.150.174
648,Melinde,Cullotey,mculloteyhz@wikia.com,Female,98.28.184.251
649,Nadiya,Hotchkin,nhotchkini0@google.ru,Female,75.180.81.219
650,Kassandra,Hurley,khurleyi1@walmart.com,Female,15.187.142.156
651,Angie,Falloon,afallooni2@last.fm,Male,58.5.242.52
652,Jillane,Grishagin,jgrishagini3@bbc.co.uk,Female,59.65.249.77
653,Paton,Kenworthey,pkenwortheyi4@weather.com,Male,208.148.41.185
654,Aloin,Pettko,apettkoi5@scientificamerican.com,Male,204.137.157.155
655,Berke,Duerden,bduerdeni6@pbs.org,Male,53.50.18.42
656,Sumner,Shelf,sshelfi7@google.com.br,Male,91.252.1.22
657,Matthaeus,O'Codihie,mocodihiei8@geocities.com,Male,88.206.163.247
658,Charlene,Thorlby,cthorlbyi9@bloglovin.com,Female,238.36.173.133
659,Jedediah,Calderhead,jcalderheadia@aol.com,Male,92.124.134.6
660,Tori,Jackways,tjackwaysib@indiatimes.com,Female,113.106.31.166
661,Dunn,Titcombe,dtitcombeic@china.com.cn,Male,71.188.72.152
662,Gerome,Eadmeads,geadmeadsid@hhs.gov,Male,154.144.76.91
663,Lefty,Bannerman,lbannermanie@goo.gl,Male,237.0.74.92
664,Edsel,Knoton,eknotonif@networkadvertising.org,Male,132.4.140.182
665,Hobey,Riolfo,hriolfoig@skype.com,Male,129.92.80.241
666,Stepha,Hanford,shanfordih@auda.org.au,Female,196.105.162.226
667,Leonie,Dennett,ldennettii@mtv.com,Female,128.132.0.152
668,Ralf,Hoogendorp,rhoogendorpij@opera.com,Male,10.231.135.83
669,Ardelia,Hiseman,ahisemanik@cdc.gov,Female,197.12.112.55
670,Scotti,Rabbet,srabbetil@trellian.com,Male,131.150.233.169
671,Leonardo,Buxey,lbuxeyim@nps.gov,Male,208.89.11.39
672,Abbe,Yelden,ayeldenin@reuters.com,Male,25.41.58.238
673,Shae,Odhams,sodhamsio@columbia.edu,Female,215.118.101.15
674,Laurianne,Yesinin,lyesininip@clickbank.net,Female,19.171.202.137
675,Valentijn,Benedick,vbenedickiq@sitemeter.com,Male,50.160.147.204
676,Frayda,Cromack,fcromackir@dmoz.org,Female,197.87.36.167
677,Flore,Dodle,fdodleis@wired.com,Female,105.33.200.196
678,Nancey,Fairn,nfairnit@mozilla.com,Female,117.150.211.101
679,Brenden,Lude,bludeiu@usda.gov,Male,74.187.117.1
680,Bearnard,MacAloren,bmacaloreniv@fc2.com,Male,140.190.122.207
681,Peirce,Stuehmeyer,pstuehmeyeriw@php.net,Male,95.228.227.177
682,Andreas,McClary,amcclaryix@scribd.com,Male,48.229.101.202
683,Davy,Dubarry,ddubarryiy@ucla.edu,Male,63.216.46.143
684,Marillin,Casarino,mcasarinoiz@about.me,Female,239.33.86.64
685,Adore,Blais,ablaisj0@abc.net.au,Female,237.255.181.115
686,Cole,Porker,cporkerj1@blog.com,Male,146.5.48.175
687,Buddie,Spurrett,bspurrettj2@canalblog.com,Male,168.48.51.58
688,Mano,Forrester,mforresterj3@over-blog.com,Male,38.232.33.148
689,Sosanna,Zecchinii,szecchiniij4@wp.com,Female,13.148.242.233
690,Orrin,Cookes,ocookesj5@wix.com,Male,42.246.47.253
691,Janel,Lawdham,jlawdhamj6@github.io,Female,95.139.236.37
692,Philippa,De La Salle,pdelasallej7@google.it,Female,81.220.162.206
693,Arch,Annakin,aannakinj8@psu.edu,Male,30.161.234.208
694,Muffin,Sinnie,msinniej9@latimes.com,Female,175.91.222.15
695,Tyler,Beaconsall,tbeaconsallja@nih.gov,Male,191.94.186.4
696,Seth,Skarr,sskarrjb@netlog.com,Male,207.2.105.1
697,Karmen,Tomowicz,ktomowiczjc@icio.us,Female,213.3.109.238
698,Kevyn,Glossop,kglossopjd@wordpress.com,Female,124.112.26.93
699,Ollie,McKniely,omcknielyje@icq.com,Male,139.193.88.129
700,Joellen,Speedy,jspeedyjf@liveinternet.ru,Female,146.104.174.254
701,Ephrayim,Danzey,edanzeyjg@mit.edu,Male,130.248.41.172
702,Corbet,Rathe,crathejh@trellian.com,Male,48.255.206.9
703,Samaria,Blake,sblakeji@archive.org,Female,165.108.7.232
704,Aila,Sigge,asiggejj@accuweather.com,Female,27.14.4.35
705,Ulises,MacGoun,umacgounjk@netscape.com,Male,57.42.238.106
706,Pansy,Gotts,pgottsjl@npr.org,Female,154.33.223.255
707,Dorothee,Glenfield,dglenfieldjm@aol.com,Female,10.65.40.93
708,Damiano,Bartunek,dbartunekjn@uol.com.br,Male,17.253.219.214
709,Fayette,Baxendale,fbaxendalejo@amazonaws.com,Female,220.88.10.203
710,Chase,Felderer,cfeldererjp@xrea.com,Male,182.226.134.227
711,Normie,Darracott,ndarracottjq@pinterest.com,Male,202.85.5.60
712,Robin,MacMeeking,rmacmeekingjr@marketwatch.com,Female,234.239.172.202
713,Reube,Guerry,rguerryjs@g.co,Male,84.228.254.59
714,Kaela,Evett,kevettjt@slashdot.org,Female,214.99.99.186
715,Madonna,Broughton,mbroughtonju@naver.com,Female,1.90.185.235
716,Clerissa,Mitskevich,cmitskevichjv@uiuc.edu,Female,182.119.223.243
717,Bord,Alfonsetto,balfonsettojw@wunderground.com,Male,82.176.79.112
718,Artair,Goodlife,agoodlifejx@jimdo.com,Male,62.125.209.154
719,Sammy,Julien,sjulienjy@epa.gov,Male,0.87.146.252
720,Chrisy,Maudson,cmaudsonjz@pcworld.com,Male,55.114.155.248
721,Leonie,Heisman,lheismank0@icq.com,Female,78.149.135.148
722,Drew,Caughey,dcaugheyk1@harvard.edu,Male,62.15.175.18
723,Yasmeen,Lenihan,ylenihank2@amazon.de,Female,149.161.8.82
724,Luciano,Attryde,lattrydek3@example.com,Male,45.194.67.37
725,Elke,Volonte,evolontek4@ibm.com,Female,2.30.61.102
726,Dorian,Poole,dpoolek5@narod.ru,Female,181.67.18.43
727,Chrisse,Secretan,csecretank6@google.com,Male,59.250.194.20
728,Renado,Penella,rpenellak7@google.pl,Male,216.59.36.126
729,Kippie,Holttom,kholttomk8@lulu.com,Female,93.51.121.61
730,Clint,O' Neligan,coneligank9@nifty.com,Male,77.113.53.147
731,Gabriella,Eldin,geldinka@un.org,Female,166.8.127.37
732,Arabel,Bonnavant,abonnavantkb@berkeley.edu,Female,221.249.67.248
733,Edd,Iacomelli,eiacomellikc@sina.com.cn,Male,230.56.71.196
734,Dalston,Crumby,dcrumbykd@t.co,Male,130.99.251.163
735,Huntington,Monkman,hmonkmanke@multiply.com,Male,158.219.222.250
736,Lexy,Keble,lkeblekf@soundcloud.com,Female,65.123.65.9
737,Gareth,Mattes,gmatteskg@dedecms.com,Male,30.94.32.117
738,Massimiliano,Keenor,mkeenorkh@zimbio.com,Male,106.82.125.41
739,Hortense,Peasnone,hpeasnoneki@tiny.cc,Female,252.188.242.57
740,Philly,Rate,pratekj@google.nl,Female,44.110.74.167
741,Marcie,Muston,mmustonkk@gmpg.org,Female,68.11.69.142
742,Daveta,Pepperell,dpepperellkl@go.com,Female,159.64.165.133
743,Kristy,Brinded,kbrindedkm@storify.com,Female,61.205.218.34
744,Gerry,Kibble,gkibblekn@rakuten.co.jp,Male,155.105.13.239
745,Nikki,Jepensen,njepensenko@mapquest.com,Female,35.36.106.153
746,Diane,Gonnet,dgonnetkp@rediff.com,Female,93.204.236.123
747,Carlota,Daout,cdaoutkq@prweb.com,Female,26.106.180.124
748,Elroy,Tyne,etynekr@wikipedia.org,Male,93.93.88.137
749,Kasey,Mosedale,kmosedaleks@who.int,Female,184.155.239.127
750,Antonia,Iacoviello,aiacoviellokt@homestead.com,Female,178.176.54.24
751,Ingeborg,Broxap,ibroxapku@edublogs.org,Female,172.145.158.89
752,Duffie,Glyssanne,dglyssannekv@google.fr,Male,157.200.94.97
753,Jose,Stickells,jstickellskw@forbes.com,Male,75.243.36.38
754,Flint,Feake,ffeakekx@usnews.com,Male,106.120.188.146
755,Osbourne,Girdwood,ogirdwoodky@a8.net,Male,9.199.21.125
756,Bear,Edess,bedesskz@github.com,Male,112.72.228.175
757,Ivory,Crake,icrakel0@surveymonkey.com,Female,250.111.26.240
758,Craggy,Silverwood,csilverwoodl1@multiply.com,Male,37.147.31.134
759,Skell,Pettifor,spettiforl2@dedecms.com,Male,243.9.76.32
760,Kearney,Scottini,kscottinil3@google.com.au,Male,222.34.235.55
761,Jaimie,Vlach,jvlachl4@jimdo.com,Female,238.173.101.3
762,Queenie,Osboldstone,qosboldstonel5@dailymotion.com,Female,234.139.112.25
763,Antonin,Soutar,asoutarl6@homestead.com,Male,235.222.104.247
764,Silvanus,Osbiston,sosbistonl7@angelfire.com,Male,39.210.154.220
765,Ari,Stoute,astoutel8@ocn.ne.jp,Male,230.86.92.234
766,Marjory,Joan,mjoanl9@bluehost.com,Female,74.160.213.91
767,Yance,Maleney,ymaleneyla@washington.edu,Male,148.198.6.12
768,Jens,Brigham,jbrighamlb@macromedia.com,Male,140.119.85.161
769,Filmer,Liggins,fligginslc@cnn.com,Male,218.98.190.189
770,Flore,De Avenell,fdeavenellld@twitter.com,Female,151.92.124.228
771,Laughton,Sallowaye,lsallowayele@macromedia.com,Male,220.94.220.222
772,Kirby,Corryer,kcorryerlf@hhs.gov,Male,248.163.218.127
773,Lorianne,Toffts,ltofftslg@jimdo.com,Female,20.247.176.10
774,Fallon,Densey,fdenseylh@techcrunch.com,Female,57.255.97.230
775,Gayleen,Lagneaux,glagneauxli@noaa.gov,Female,134.60.82.215
776,Feodor,Kenefick,fkeneficklj@prnewswire.com,Male,114.178.157.203
777,Kimbell,Whittaker,kwhittakerlk@ow.ly,Male,78.150.83.63
778,Silvain,Caistor,scaistorll@java.com,Male,189.144.140.158
779,Elysia,Argyle,eargylelm@ask.com,Female,13.100.24.211
780,Loralee,Donson,ldonsonln@theatlantic.com,Female,229.241.199.144
781,Marthena,Elsop,melsoplo@ezinearticles.com,Female,154.56.8.167
782,Nester,Chaize,nchaizelp@parallels.com,Male,206.147.215.62
783,Tadeo,Corking,tcorkinglq@sina.com.cn,Male,51.166.78.129
784,Tiertza,Kneesha,tkneeshalr@census.gov,Female,75.240.154.41
785,Laurette,McKeand,lmckeandls@phoca.cz,Female,190.55.237.118
786,Fabe,Sille,fsillelt@irs.gov,Male,176.148.178.245
787,Arlyne,Treweela,atreweelalu@sciencedaily.com,Female,146.77.19.32
788,Gilbertina,Bernucci,gbernuccilv@163.com,Female,142.108.184.94
789,Artair,Bohman,abohmanlw@naver.com,Male,59.36.109.64
790,Ike,Taffe,itaffelx@wired.com,Male,196.15.131.171
791,Beaufort,Damato,bdamatoly@acquirethisname.com,Male,20.174.126.253
792,Christin,Calender,ccalenderlz@mapy.cz,Female,182.220.108.99
793,Maxim,Duckett,mduckettm0@freewebs.com,Male,226.15.196.150
794,Janeta,Smallcombe,jsmallcombem1@yandex.ru,Female,91.255.2.220
795,Dot,Evens,devensm2@storify.com,Female,43.214.122.19
796,Ewen,Fairbeard,efairbeardm3@businesswire.com,Male,145.207.195.61
797,Estelle,Viccary,eviccarym4@state.gov,Female,225.123.27.140
798,Emmy,Dredge,edredgem5@goo.gl,Female,161.129.15.107
799,Rik,Kayzer,rkayzerm6@stanford.edu,Male,47.182.107.52
800,Fredrika,Folcarelli,ffolcarellim7@ask.com,Female,123.237.24.239
801,Bernadette,Whitlaw,bwhitlawm8@rediff.com,Female,204.208.221.167
802,Ophelia,Scanlan,oscanlanm9@facebook.com,Female,210.37.13.104
803,Nico,Offin,noffinma@chicagotribune.com,Male,47.248.111.32
804,Marabel,Finnemore,mfinnemoremb@java.com,Female,214.0.114.187
805,Cordell,Krop,ckropmc@php.net,Male,107.57.160.42
806,Craig,Hyman,chymanmd@discovery.com,Male,230.103.173.60
807,Gerty,Carlo,gcarlome@army.mil,Female,52.242.128.42
808,Jeremie,Haylock,jhaylockmf@cdc.gov,Male,32.202.74.22
809,Johnathan,Van den Hof,jvandenhofmg@wix.com,Male,68.68.78.252
810,Lewiss,Hardey,lhardeymh@scribd.com,Male,184.187.220.140
811,Hallsy,De Santos,hdesantosmi@blogger.com,Male,10.178.112.48
812,Gunner,Wildt,gwildtmj@simplemachines.org,Male,124.67.193.229
813,Bryanty,Horribine,bhorribinemk@independent.co.uk,Male,43.206.84.173
814,Vitoria,Perico,vpericoml@parallels.com,Female,213.56.1.221
815,Virgina,Wray,vwraymm@360.cn,Female,56.37.156.27
816,Bertie,Mingaud,bmingaudmn@nhs.uk,Female,253.156.154.213
817,Daryn,Jakoubec,djakoubecmo@seesaa.net,Female,177.203.19.154
818,Guntar,Gosse,ggossemp@live.com,Male,215.164.243.166
819,Eugenia,Glynne,eglynnemq@ebay.co.uk,Female,4.82.103.69
820,Cassandra,Coopey,ccoopeymr@storify.com,Female,79.222.129.144
821,Cornelle,Barber,cbarberms@discuz.net,Female,217.139.78.63
822,Stephi,Beloe,sbeloemt@hud.gov,Female,216.88.189.237
823,Joshia,Hackey,jhackeymu@reverbnation.com,Male,234.134.243.117
824,Philippine,Southeran,psoutheranmv@hp.com,Female,58.124.49.210
825,Madalyn,Massy,mmassymw@va.gov,Female,175.2.167.68
826,Pavia,Dumper,pdumpermx@people.com.cn,Female,151.105.185.134
827,Yuma,Bracken,ybrackenmy@google.co.uk,Male,11.163.2.69
828,Neale,MacMenamy,nmacmenamymz@nhs.uk,Male,202.219.59.31
829,Caesar,Grant,cgrantn0@soundcloud.com,Male,11.91.140.228
830,Skylar,Tivenan,stivenann1@nhs.uk,Male,127.170.68.209
831,Michael,Cunio,mcunion2@japanpost.jp,Male,40.33.242.118
832,Jerome,Burgne,jburgnen3@dedecms.com,Male,89.221.7.200
833,Alix,Bloys,abloysn4@indiegogo.com,Female,23.172.3.146
834,Conan,Iacavone,ciacavonen5@java.com,Male,50.18.143.211
835,Kylie,Prayer,kprayern6@salon.com,Male,253.162.125.50
836,Flory,Ferre,fferren7@infoseek.co.jp,Male,76.38.41.22
837,Elfrida,Mousby,emousbyn8@soundcloud.com,Female,239.137.170.229
838,Hakim,Nana,hnanan9@bandcamp.com,Male,142.150.85.252
839,Hershel,Giannazzo,hgiannazzona@livejournal.com,Male,83.75.142.204
840,Modesty,Angless,manglessnb@google.es,Female,89.73.243.113
841,Haven,Sleicht,hsleichtnc@bandcamp.com,Male,148.58.34.108
842,Maurits,Luckhurst,mluckhurstnd@bravesites.com,Male,150.222.236.61
843,Chane,Schriren,cschrirenne@4shared.com,Male,87.119.189.74
844,Reider,De Brett,rdebrettnf@php.net,Male,47.122.74.159
845,Gwyn,Luckett,gluckettng@mysql.com,Female,23.212.22.131
846,Gerladina,Bickardike,gbickardikenh@uol.com.br,Female,16.163.107.95
847,Jephthah,Aires,jairesni@squarespace.com,Male,132.67.139.31
848,Dell,McIlvenna,dmcilvennanj@barnesandnoble.com,Female,111.90.135.169
849,Theodor,Hovington,thovingtonnk@zdnet.com,Male,206.38.98.243
850,Benjie,Gebby,bgebbynl@dyndns.org,Male,187.126.196.135
851,Hyacintha,Huebner,hhuebnernm@businessinsider.com,Female,175.245.6.94
852,Jannelle,Longworthy,jlongworthynn@ca.gov,Female,118.128.113.96
853,Geneva,Colhoun,gcolhounno@flickr.com,Female,50.230.99.123
854,Aurelie,Whorton,awhortonnp@simplemachines.org,Female,157.215.110.134
855,Carmel,Cavie,ccavienq@pcworld.com,Female,247.46.212.45
856,Jeramie,Schimann,jschimannnr@uol.com.br,Male,120.114.43.13
857,Gerardo,Winson,gwinsonns@plala.or.jp,Male,107.236.123.72
858,Hewitt,McEwan,hmcewannt@comcast.net,Male,34.69.179.185
859,Julissa,Bartocci,jbartoccinu@cam.ac.uk,Female,235.186.87.91
860,Davidson,Ballantine,dballantinenv@phpbb.com,Male,93.226.157.87
861,Ellynn,Ison,eisonnw@elegantthemes.com,Female,169.174.2.28
862,Aldo,Richardin,arichardinnx@posterous.com,Male,82.149.72.150
863,Vergil,de Werk,vdewerkny@ftc.gov,Male,244.204.11.72
864,Latrina,Hodge,lhodgenz@fastcompany.com,Female,35.97.45.58
865,Dun,Di Francecshi,ddifrancecshio0@cisco.com,Male,114.162.81.196
866,Valma,Sixsmith,vsixsmitho1@qq.com,Female,209.184.183.3
867,Berny,Faivre,bfaivreo2@blogs.com,Male,171.144.91.87
868,Field,Gauler,fgaulero3@webeden.co.uk,Male,194.45.168.202
869,Nicolis,Sweetnam,nsweetnamo4@oakley.com,Male,136.40.131.14
870,Yoshiko,Godfrey,ygodfreyo5@bbb.org,Female,172.141.163.244
871,Amargo,Lillegard,alillegardo6@yellowbook.com,Female,229.18.109.50
872,Garrick,Field,gfieldo7@pbs.org,Male,18.104.99.192
873,Romeo,Searchwell,rsearchwello8@csmonitor.com,Male,240.129.227.56
874,Margarethe,Edie,medieo9@w3.org,Female,7.120.169.204
875,Bary,Dreye,bdreyeoa@blogger.com,Male,31.43.169.95
876,Allys,Foxwell,afoxwellob@yandex.ru,Female,212.110.127.147
877,Kristian,Andre,kandreoc@blogs.com,Male,227.21.52.32
878,Gertruda,Scrooby,gscroobyod@tiny.cc,Female,112.84.74.212
879,Edvard,Marde,emardeoe@samsung.com,Male,16.38.132.166
880,Cristina,Bould,cbouldof@reference.com,Female,65.238.240.53
881,Klaus,Eberst,keberstog@cyberchimps.com,Male,115.228.93.170
882,Somerset,Mariotte,smariotteoh@google.co.jp,Male,166.27.84.119
883,Desi,Edgson,dedgsonoi@tmall.com,Male,139.64.224.184
884,Cristobal,Gusney,cgusneyoj@intel.com,Male,162.87.64.181
885,Valdemar,Rodrigues,vrodriguesok@admin.ch,Male,68.159.160.205
886,Grant,Pillman,gpillmanol@moonfruit.com,Male,199.80.189.1
887,Nancey,Epinay,nepinayom@vk.com,Female,107.215.61.111
888,Ron,Hasnip,rhasnipon@amazon.com,Male,83.74.14.217
889,Kassia,Griffin,kgriffinoo@prweb.com,Female,212.38.206.22
890,Emeline,Boreham,eborehamop@apache.org,Female,225.67.44.171
891,Laureen,Ellse,lellseoq@squidoo.com,Female,168.246.45.152
892,Josepha,Hartzog,jhartzogor@slideshare.net,Female,143.192.61.198
893,Carmine,Hurley,churleyos@macromedia.com,Male,15.240.233.232
894,Lesley,Fenna,lfennaot@nytimes.com,Male,1.189.180.43
895,Dulciana,Patrono,dpatronoou@bravesites.com,Female,17.93.171.115
896,Marlo,Bastone,mbastoneov@printfriendly.com,Male,58.54.103.214
897,Christophorus,Gammidge,cgammidgeow@spotify.com,Male,127.50.122.81
898,Noami,Philippault,nphilippaultox@techcrunch.com,Female,112.242.249.226
899,Pauly,Boame,pboameoy@yelp.com,Female,241.115.191.107
900,Philip,Castaner,pcastaneroz@craigslist.org,Male,91.234.53.77
901,Stacy,Riccio,sricciop0@walmart.com,Male,203.34.78.84
902,Judi,Juris,jjurisp1@pbs.org,Female,251.196.136.166
903,Luciana,Winchcum,lwinchcump2@fda.gov,Female,71.255.251.252
904,Wright,McCafferky,wmccafferkyp3@psu.edu,Male,135.191.145.137
905,Stace,Brereton,sbreretonp4@craigslist.org,Female,91.231.47.59
906,Nathanael,Jerrard,njerrardp5@forbes.com,Male,66.104.135.68
907,Noni,Redwall,nredwallp6@istockphoto.com,Female,234.19.253.70
908,Kristoforo,Norrie,knorriep7@shop-pro.jp,Male,39.228.151.120
909,Winn,Drane,wdranep8@webs.com,Male,169.122.240.53
910,Melinda,Withinshaw,mwithinshawp9@nasa.gov,Female,107.176.116.113
911,Gustavus,Klimkiewich,gklimkiewichpa@wikipedia.org,Male,131.232.177.213
912,Ange,Gartland,agartlandpb@vinaora.com,Male,127.18.20.67
913,Alanah,Langforth,alangforthpc@nydailynews.com,Female,153.32.103.200
914,Kathrine,Irving,kirvingpd@admin.ch,Female,138.123.18.173
915,Brandtr,Heale,bhealepe@angelfire.com,Male,65.9.98.108
916,Terrie,Junkin,tjunkinpf@shop-pro.jp,Female,185.174.196.16
917,Stefa,Dumpleton,sdumpletonpg@sourceforge.net,Female,124.253.16.104
918,Edmund,Cholwell,echolwellph@imdb.com,Male,226.137.16.23
919,Kellia,Mawman,kmawmanpi@squarespace.com,Female,146.114.83.3
920,Zak,Radolf,zradolfpj@wikipedia.org,Male,40.82.198.7
921,Petrina,Stoyle,pstoylepk@abc.net.au,Female,193.154.193.5
922,Maximilian,Rosenhaupt,mrosenhauptpl@google.de,Male,73.106.78.16
923,Bud,MacElholm,bmacelholmpm@webmd.com,Male,157.247.52.123
924,Debor,Skitterel,dskitterelpn@rambler.ru,Female,63.209.58.223
925,Karissa,Vasishchev,kvasishchevpo@google.fr,Female,68.208.214.122
926,Christyna,Brinklow,cbrinklowpp@google.com.au,Female,81.227.169.155
927,Bendite,Rose,brosepq@newyorker.com,Female,58.153.161.51
928,Trever,Grzeskowski,tgrzeskowskipr@wordpress.org,Male,176.53.244.243
929,Dawna,Rattry,drattryps@usgs.gov,Female,138.1.16.1
930,Elvera,L'Amie,elamiept@acquirethisname.com,Female,12.102.43.72
931,Dino,Chastang,dchastangpu@geocities.jp,Male,86.116.197.129
932,Culver,Cianelli,ccianellipv@simplemachines.org,Male,96.255.106.14
933,Renard,Stutard,rstutardpw@zimbio.com,Male,200.10.225.14
934,Thibaud,Ruhben,truhbenpx@nifty.com,Male,162.68.244.27
935,Monah,Feehan,mfeehanpy@state.tx.us,Female,133.83.254.166
936,Sofie,Hughman,shughmanpz@narod.ru,Female,198.84.82.121
937,Eugenio,Jeffray,ejeffrayq0@flickr.com,Male,203.127.194.8
938,Ashli,Stit,astitq1@sogou.com,Female,204.243.165.69
939,Shelbi,Freshwater,sfreshwaterq2@businessinsider.com,Female,233.24.173.142
940,Manolo,Saunders,msaundersq3@php.net,Male,197.100.151.66
941,Silvan,Rappoport,srappoportq4@rakuten.co.jp,Male,218.78.219.41
942,Cazzie,Klimkovich,cklimkovichq5@altervista.org,Male,114.225.109.232
943,Margalo,Jimmison,mjimmisonq6@diigo.com,Female,50.170.232.65
944,Hercule,Peinke,hpeinkeq7@google.ca,Male,220.172.111.72
945,Gabriele,Ledeker,gledekerq8@archive.org,Male,36.65.189.110
946,Evelina,O'Caherny,eocahernyq9@businessinsider.com,Female,111.84.140.58
947,Scottie,Blaise,sblaiseqa@wired.com,Male,133.243.31.23
948,Sayers,McNally,smcnallyqb@businessweek.com,Male,172.254.48.38
949,Hughie,Bradtke,hbradtkeqc@epa.gov,Male,211.53.4.107
950,Alan,Markie,amarkieqd@diigo.com,Male,199.11.142.15
951,Horacio,Rhead,hrheadqe@cdbaby.com,Male,168.170.52.237
952,Maiga,McGarva,mmcgarvaqf@slate.com,Female,140.207.135.224
953,Timmi,Piatkowski,tpiatkowskiqg@cafepress.com,Female,185.135.245.227
954,Tate,Glaves,tglavesqh@networksolutions.com,Female,192.157.246.182
955,Kamilah,Cornall,kcornallqi@pcworld.com,Female,157.178.188.213
956,Rosabella,Knowlden,rknowldenqj@google.de,Female,44.99.71.213
957,Juliette,Kettridge,jkettridgeqk@zdnet.com,Female,62.250.183.28
958,Tremaine,Onele,toneleql@amazon.de,Male,183.52.27.42
959,Griffin,Riolfi,griolfiqm@devhub.com,Male,242.92.109.255
960,Andie,Bachs,abachsqn@geocities.jp,Male,84.115.93.72
961,Dewie,Caccavale,dcaccavaleqo@nydailynews.com,Male,251.240.201.255
962,Rancell,Brito,rbritoqp@soundcloud.com,Male,22.57.56.142
963,Ester,Elner,eelnerqq@simplemachines.org,Female,201.135.144.162
964,Kenna,Escot,kescotqr@noaa.gov,Female,70.100.39.151
965,Denna,Pellew,dpellewqs@google.ru,Female,252.6.37.62
966,Stacy,Asipenko,sasipenkoqt@discovery.com,Male,246.52.178.223
967,Clay,Fazan,cfazanqu@shutterfly.com,Male,191.145.208.75
968,Mira,Oris,morisqv@yahoo.com,Female,183.0.247.236
969,Silas,Ravenscroftt,sravenscrofttqw@domainmarket.com,Male,203.61.35.72
970,Yancey,Cornall,ycornallqx@abc.net.au,Male,104.131.254.20
971,Maisie,Enrico,menricoqy@php.net,Female,174.204.209.145
972,Tera,Zealy,tzealyqz@scientificamerican.com,Female,225.112.103.2
973,Lela,Goadbie,lgoadbier0@eventbrite.com,Female,147.244.233.202
974,Hildagard,Revens,hrevensr1@cpanel.net,Female,39.155.216.167
975,Herold,Backman,hbackmanr2@tripod.com,Male,178.176.41.49
976,Wally,Vaskin,wvaskinr3@goodreads.com,Male,5.25.187.148
977,Sabine,Vaud,svaudr4@flavors.me,Female,25.27.70.133
978,Saidee,Rain,srainr5@yolasite.com,Female,188.71.182.137
979,Novelia,Pepperd,npepperdr6@ucoz.ru,Female,155.25.6.187
980,Benny,Siggee,bsiggeer7@theguardian.com,Female,211.178.174.53
981,Jayne,Winterbourne,jwinterbourner8@hibu.com,Female,103.166.21.12
982,Letti,Cockshott,lcockshottr9@51.la,Female,60.114.36.87
983,Ingamar,Riglesford,iriglesfordra@google.co.uk,Male,91.87.101.213
984,Nolie,Lount,nlountrb@npr.org,Female,159.8.97.50
985,Nels,Manilo,nmanilorc@lulu.com,Male,98.243.163.20
986,Eleanora,Kilfeather,ekilfeatherrd@sourceforge.net,Female,75.18.126.97
987,Gnni,Hedaux,ghedauxre@edublogs.org,Female,108.206.115.135
988,Mill,Alabastar,malabastarrf@soup.io,Male,50.235.181.28
989,Sharron,Chapell,schapellrg@scientificamerican.com,Female,174.164.173.169
990,Franky,Bearblock,fbearblockrh@disqus.com,Male,229.228.106.10
991,Jillene,Fealty,jfealtyri@techcrunch.com,Female,20.205.152.8
992,Danya,Bartocci,dbartoccirj@businesswire.com,Female,9.229.224.11
993,Asher,Snawden,asnawdenrk@state.gov,Male,145.247.209.238
994,Fina,Slemmonds,fslemmondsrl@posterous.com,Female,13.180.244.222
995,Gloriane,Elcom,gelcomrm@delicious.com,Female,54.11.195.170
996,Kerrill,Hannan,khannanrn@dailymail.co.uk,Female,27.254.178.58
997,Carlin,Starte,cstartero@last.fm,Male,57.18.9.96
998,Rasla,Ilewicz,rilewiczrp@fc2.com,Female,72.235.253.107
999,Kennett,Olyfat,kolyfatrq@bbb.org,Male,152.146.158.237
1000,Danita,Olyfat,dolyfatrr@odnoklassniki.ru,Female,176.135.101.167
