1,Auroora,Element,aelement0@ox.ac.uk,Female,110.106.145.134
2,Lexie,Goom,lgoom1@fastcompany.com,Female,128.218.204.93
3,Reinaldos,Gamon,rgamon2@stumbleupon.com,Male,208.31.40.17
4,Josephine,Wigglesworth,jwigglesworth3@narod.ru,Female,44.65.146.143
5,Torin,Wass,twass4@yellowpages.com,Male,122.43.112.193
6,Klaus,Bold,kbold5@printfriendly.com,Male,100.26.131.141
7,Allys,Alelsandrovich,aalelsandrovich6@bbb.org,Female,180.146.150.247
8,Ruthe,Dimnage,rdimnage7@artisteer.com,Female,219.19.248.228
9,Abdul,Kleisle,akleisle8@moonfruit.com,Male,59.13.117.157
10,Sonja,Causley,scausley9@berkeley.edu,Female,46.152.46.247
11,Stafani,Verissimo,sverissimoa@mtv.com,Female,207.24.133.252
12,Nefen,Govinlock,ngovinlockb@archive.org,Male,128.107.223.217
13,Ulrika,Cutchey,ucutcheyc@oaic.gov.au,Female,52.178.140.119
14,Siusan,Fishpond,sfishpondd@gmpg.org,Female,24.67.18.30
15,Vallie,Cattell,vcattelle@blogspot.com,Female,45.94.3.246
16,Edd,Cassel,ecasself@lulu.com,Male,191.42.194.63
17,Nicoline,Blanning,nblanningg@hexun.com,Female,3.133.55.30
18,Giuditta,Garment,ggarmenth@domainmarket.com,Female,135.222.100.97
19,Marcile,Matitiaho,mmatitiahoi@tamu.edu,Female,150.33.113.58
20,Fredek,Mundow,fmundowj@wordpress.com,Male,74.13.154.163
21,Olav,Readett,oreadettk@example.com,Male,254.126.73.247
22,Eilis,Rottger,erottgerl@icq.com,Female,30.96.21.173
23,Barny,Goodanew,bgoodanewm@europa.eu,Male,13.139.255.96
24,Carleen,Jorioz,cjoriozn@wisc.edu,Female,97.140.238.85
25,Magnum,Fredy,mfredyo@eventbrite.com,Male,123.17.107.133
26,Emlynn,Reams,ereamsp@craigslist.org,Female,0.220.130.98
27,Evangelia,Meiklem,emeiklemq@printfriendly.com,Female,183.74.242.67
28,Almeta,Crix,acrixr@webmd.com,Female,166.254.72.33
29,Carlee,Keasey,ckeaseys@time.com,Female,78.203.99.238
30,Lorilyn,Girardi,lgirardit@rambler.ru,Female,31.182.182.200
31,Eryn,Leathers,eleathersu@infoseek.co.jp,Female,118.62.85.206
32,Gwenny,Fewster,gfewsterv@eepurl.com,Female,7.123.144.65
33,Abbie,Bisley,abisleyw@shutterfly.com,Female,20.237.115.188
34,Yancey,Standbrook,ystandbrookx@mozilla.org,Male,6.64.71.201
35,Brett,Lamberti,blambertiy@foxnews.com,Male,250.57.120.86
36,Sheffield,Summersett,ssummersettz@cam.ac.uk,Male,25.15.93.102
37,Beth,Aplin,baplin10@unc.edu,Female,247.203.210.246
38,Laural,Greenley,lgreenley11@pagesperso-orange.fr,Female,23.90.198.9
39,Tara,Maly,tmaly12@jalbum.net,Female,220.113.254.56
40,Raven,Dongles,rdongles13@cargocollective.com,Female,251.42.246.62
41,Aurelie,Breckenridge,abreckenridge14@nyu.edu,Female,241.128.194.67
42,Margaux,Grimsley,mgrimsley15@sakura.ne.jp,Female,142.74.196.149
43,Rutherford,Peirson,rpeirson16@wisc.edu,Male,177.23.109.190
44,Rem,Austins,raustins17@cbslocal.com,Male,118.68.196.187
45,Agna,Sweynson,asweynson18@patch.com,Female,76.209.222.226
46,Elia,Kamena,ekamena19@ask.com,Male,73.183.54.7
47,Anthe,Marchenko,amarchenko1a@wp.com,Female,214.122.225.3
48,Page,Avon,pavon1b@dmoz.org,Male,85.122.15.6
49,Cornall,Pasfield,cpasfield1c@pcworld.com,Male,74.11.63.241
50,Ricard,Baus,rbaus1d@goo.ne.jp,Male,229.102.196.64
51,Korey,Mariaud,kmariaud1e@elpais.com,Male,211.22.158.135
52,Briney,Le Grys,blegrys1f@deviantart.com,Female,232.4.25.191
53,Jarvis,Essame,jessame1g@sakura.ne.jp,Male,176.40.5.249
54,Burton,Boshell,bboshell1h@blogs.com,Male,59.223.136.194
55,Maible,Devonald,mdevonald1i@mashable.com,Female,44.241.246.153
56,Franni,Conaghan,fconaghan1j@upenn.edu,Female,202.87.60.12
57,Caril,Glason,cglason1k@hao123.com,Female,162.191.233.152
58,Arnuad,Wheater,awheater1l@phpbb.com,Male,171.213.26.120
59,Carter,Iacovacci,ciacovacci1m@rambler.ru,Male,96.183.242.211
60,Marti,Baily,mbaily1n@ftc.gov,Female,113.171.64.193
61,Berkley,Goldsberry,bgoldsberry1o@php.net,Male,226.93.92.66
62,Juline,Bumphrey,jbumphrey1p@eventbrite.com,Female,205.65.96.218
63,Minne,McVitty,mmcvitty1q@forbes.com,Female,14.46.2.246
64,Barbette,Stickler,bstickler1r@paypal.com,Female,55.170.93.9
65,Fayth,Gingle,fgingle1s@wordpress.org,Female,217.66.206.125
66,Roderigo,Fellos,rfellos1t@myspace.com,Male,24.11.171.158
67,Bellanca,Kerr,bkerr1u@mtv.com,Female,5.120.200.44
68,Dido,Guerry,dguerry1v@vistaprint.com,Female,18.35.157.65
69,Dyane,Castillou,dcastillou1w@nsw.gov.au,Female,195.58.94.238
70,Trista,Laminman,tlaminman1x@gravatar.com,Female,174.243.11.154
71,Leonelle,Dumini,ldumini1y@upenn.edu,Female,239.7.254.228
72,Annissa,Chatelet,achatelet1z@noaa.gov,Female,214.82.131.174
73,Karoly,Kimmons,kkimmons20@google.ca,Male,146.235.39.160
74,Demetra,Barg,dbarg21@sitemeter.com,Female,227.110.77.16
75,Albert,Boothe,aboothe22@scribd.com,Male,111.76.74.71
76,Yves,Hairyes,yhairyes23@linkedin.com,Male,78.239.147.184
77,Orelee,Plester,oplester24@netscape.com,Female,234.78.178.145
78,Birch,Rustidge,brustidge25@whitehouse.gov,Male,137.22.51.130
79,Herve,Teml,hteml26@fotki.com,Male,215.228.177.54
80,Dalis,Hubball,dhubball27@pagesperso-orange.fr,Male,107.192.221.81
81,Nan,Spiteri,nspiteri28@house.gov,Female,25.183.219.26
82,Wang,Baradel,wbaradel29@statcounter.com,Male,159.112.114.148
83,Kath,Trythall,ktrythall2a@nifty.com,Female,153.195.28.123
84,Ilene,Pobjay,ipobjay2b@bloglovin.com,Female,14.52.240.222
85,Johan,Spellecy,jspellecy2c@wikispaces.com,Male,62.178.240.230
86,Charlton,O'Lehane,colehane2d@unblog.fr,Male,154.222.217.8
87,Aggi,Figura,afigura2e@lycos.com,Female,8.124.176.53
88,Reba,Rau,rrau2f@goodreads.com,Female,70.239.32.239
89,Sammy,Hussy,shussy2g@senate.gov,Male,255.181.2.208
90,Ken,Pidcock,kpidcock2h@cam.ac.uk,Male,58.85.222.230
91,Bonny,Guillond,bguillond2i@freewebs.com,Female,155.84.16.129
92,Denice,Hinder,dhinder2j@rediff.com,Female,47.208.228.246
93,Joshua,Nono,jnono2k@jigsy.com,Male,244.48.8.65
94,Dorine,Scadden,dscadden2l@intel.com,Female,187.145.45.92
95,Eddi,Death,edeath2m@sogou.com,Female,157.146.110.74
96,Gussy,Sedgeman,gsedgeman2n@google.fr,Female,130.12.213.38
97,Keary,Dooly,kdooly2o@nifty.com,Male,248.72.229.31
98,Aldric,Rowler,arowler2p@yandex.ru,Male,185.91.17.25
99,Kellie,Epsly,kepsly2q@wikia.com,Female,81.250.39.166
100,Ernesto,Retchless,eretchless2r@google.ca,Male,224.126.246.14
101,Francine,Ratt,fratt2s@eepurl.com,Female,42.138.129.133
102,Guglielmo,Choldcroft,gcholdcroft2t@dmoz.org,Male,65.53.9.128
103,Tamas,Lehrmann,tlehrmann2u@marketwatch.com,Male,125.194.245.209
104,Irina,Moughton,imoughton2v@cmu.edu,Female,195.55.7.36
105,Packston,Dales,pdales2w@godaddy.com,Male,22.90.158.232
106,Alasdair,Kupis,akupis2x@rambler.ru,Male,194.204.95.245
107,Rene,Torn,rtorn2y@desdev.cn,Female,208.151.0.23
108,Earl,Backler,ebackler2z@mozilla.com,Male,28.14.29.236
109,Traci,Naton,tnaton30@last.fm,Female,101.161.6.53
110,Enoch,Cullabine,ecullabine31@sina.com.cn,Male,204.200.200.211
111,Birk,Shutle,bshutle32@buzzfeed.com,Male,70.234.254.100
112,Whit,Borrow,wborrow33@japanpost.jp,Male,253.139.126.9
113,Barri,Pritchitt,bpritchitt34@upenn.edu,Male,20.229.186.225
114,Margareta,Eaklee,meaklee35@google.co.uk,Female,170.68.46.179
115,Ambrosio,Pankhurst.,apankhurst36@thetimes.co.uk,Male,119.31.195.227
116,Sherwin,Schott,sschott37@dailymail.co.uk,Male,97.165.16.89
117,Sascha,Fidele,sfidele38@ihg.com,Female,50.241.105.2
118,Lita,Biddulph,lbiddulph39@cbsnews.com,Female,38.178.23.139
119,Godwin,Stowers,gstowers3a@globo.com,Male,199.235.48.150
120,Brit,O'Lennachain,bolennachain3b@mtv.com,Male,255.11.211.171
121,Markos,MacRorie,mmacrorie3c@cam.ac.uk,Male,102.213.181.234
122,Arleyne,Woof,awoof3d@4shared.com,Female,136.59.6.210
123,Rosy,O'Hanlon,rohanlon3e@harvard.edu,Female,127.151.226.14
124,Mose,Treneman,mtreneman3f@yolasite.com,Male,162.182.121.102
125,Desi,Jekyll,djekyll3g@whitehouse.gov,Male,61.170.215.192
126,Alon,Behn,abehn3h@wufoo.com,Male,219.239.53.40
127,Sebastiano,Elmar,selmar3i@newsvine.com,Male,103.211.72.124
128,Ferguson,Sullens,fsullens3j@msn.com,Male,129.108.63.41
129,Clevey,Bleyman,cbleyman3k@berkeley.edu,Male,215.252.41.101
130,Jordan,Triswell,jtriswell3l@jiathis.com,Male,133.45.55.211
131,Forest,Heatlie,fheatlie3m@usatoday.com,Male,61.214.81.6
132,Zebadiah,Copeland,zcopeland3n@npr.org,Male,217.242.71.217
133,Gunner,Caffery,gcaffery3o@archive.org,Male,245.254.242.16
134,Foster,Gathwaite,fgathwaite3p@chron.com,Male,65.219.141.228
135,Jabez,Laybourne,jlaybourne3q@reuters.com,Male,112.123.142.129
136,Goraud,Cardero,gcardero3r@wix.com,Male,167.135.99.199
137,Sheena,De Nisco,sdenisco3s@netvibes.com,Female,4.168.251.111
138,Claudie,Grebbin,cgrebbin3t@tamu.edu,Female,96.120.163.116
139,Herrick,Hackett,hhackett3u@businessinsider.com,Male,135.201.245.91
140,Salvatore,Prevett,sprevett3v@amazonaws.com,Male,24.120.102.179
141,Rey,Swabey,rswabey3w@booking.com,Male,33.6.63.83
142,Dusty,Brazener,dbrazener3x@miitbeian.gov.cn,Female,10.122.136.247
143,Ferd,Ferrucci,fferrucci3y@craigslist.org,Male,11.4.66.29
144,Kenon,McEwen,kmcewen3z@ustream.tv,Male,209.199.164.9
145,Aggie,Fearn,afearn40@answers.com,Female,190.194.126.234
146,Alejandro,Greedier,agreedier41@wordpress.com,Male,29.56.6.233
147,Bobina,Croal,bcroal42@mysql.com,Female,91.10.145.38
148,Lamont,Aldington,laldington43@xinhuanet.com,Male,218.236.61.142
149,Jacquelin,Szymonwicz,jszymonwicz44@wikia.com,Female,52.194.120.194
150,Rosemonde,Lugton,rlugton45@dmoz.org,Female,77.140.250.76
151,Jakob,St Ledger,jstledger46@sciencedaily.com,Male,170.220.96.224
152,Donnamarie,Whyley,dwhyley47@springer.com,Female,36.5.108.124
153,Lib,Shingler,lshingler48@ftc.gov,Female,84.135.156.142
154,Genevra,Temblett,gtemblett49@linkedin.com,Female,13.158.193.149
155,Levy,Waddington,lwaddington4a@vinaora.com,Male,64.46.190.27
156,Philis,Whipple,pwhipple4b@newyorker.com,Female,62.135.210.124
157,Yorker,Dight,ydight4c@sogou.com,Male,199.198.245.56
158,Zedekiah,Younger,zyounger4d@cbc.ca,Male,91.244.98.134
159,Zach,Wolledge,zwolledge4e@wordpress.org,Male,9.76.115.23
160,Rusty,Bent,rbent4f@tmall.com,Male,181.170.173.156
161,Liam,Garbott,lgarbott4g@behance.net,Male,84.195.173.53
162,Jammal,Gemlbett,jgemlbett4h@bigcartel.com,Male,25.200.63.130
163,Effie,Brass,ebrass4i@sun.com,Female,187.46.125.166
164,Mano,Halliburton,mhalliburton4j@deviantart.com,Male,128.45.172.237
165,Reggi,Tesseyman,rtesseyman4k@posterous.com,Female,119.253.218.50
166,Ethyl,Bigly,ebigly4l@vistaprint.com,Female,204.149.255.197
167,Nathanael,Schurig,nschurig4m@dedecms.com,Male,8.236.182.77
168,Erinna,Dentith,edentith4n@jigsy.com,Female,158.80.106.187
169,Bunny,Nyles,bnyles4o@mapy.cz,Female,76.190.219.241
170,Georgine,Ferreo,gferreo4p@theglobeandmail.com,Female,87.254.247.95
171,Panchito,Mordey,pmordey4q@dedecms.com,Male,217.217.156.230
172,Jermayne,Birdsey,jbirdsey4r@nbcnews.com,Male,19.21.253.86
173,Thomas,Grubey,tgrubey4s@paginegialle.it,Male,245.18.114.174
174,Patrice,Mallabund,pmallabund4t@zimbio.com,Male,84.224.235.222
175,Odette,Delgadillo,odelgadillo4u@psu.edu,Female,216.39.29.110
176,Jephthah,Brooksbie,jbrooksbie4v@thetimes.co.uk,Male,57.178.217.140
177,Conroy,Sibthorp,csibthorp4w@loc.gov,Male,48.134.61.235
178,Stearne,Harridge,sharridge4x@telegraph.co.uk,Male,38.227.133.173
179,Eberhard,Mulbry,emulbry4y@homestead.com,Male,8.228.0.177
180,Shermie,Whitewood,swhitewood4z@scientificamerican.com,Male,138.8.138.178
181,Galven,Bleything,gbleything50@netlog.com,Male,14.106.242.75
182,Loralyn,Hartrick,lhartrick51@answers.com,Female,164.45.86.14
183,Claire,Grunwald,cgrunwald52@psu.edu,Female,31.246.171.100
184,Niko,Durbyn,ndurbyn53@sourceforge.net,Male,254.150.15.171
185,Sisely,Klimpke,sklimpke54@skype.com,Female,115.101.68.223
186,Rolfe,Harrigan,rharrigan55@meetup.com,Male,198.166.229.254
187,Ruby,Jzak,rjzak56@ebay.com,Male,189.16.151.138
188,Corbin,Bruyett,cbruyett57@taobao.com,Male,217.55.147.214
189,Harri,Van der Velde,hvandervelde58@slashdot.org,Female,37.243.64.219
190,Claudia,Enocksson,cenocksson59@eventbrite.com,Female,219.41.1.127
191,Gloria,Greenshields,ggreenshields5a@liveinternet.ru,Female,46.178.92.189
192,Lind,Platt,lplatt5b@sogou.com,Male,172.244.237.138
193,Mag,Trimme,mtrimme5c@mac.com,Female,74.103.103.85
194,Sigismond,Garment,sgarment5d@friendfeed.com,Male,77.51.84.85
195,Madison,Pennicard,mpennicard5e@slideshare.net,Male,34.89.121.120
196,Bili,Bruyns,bbruyns5f@webnode.com,Female,188.133.27.98
197,Nataline,Sloey,nsloey5g@accuweather.com,Female,171.33.40.164
198,Rusty,Ioselevich,rioselevich5h@blogspot.com,Male,226.26.108.22
199,Frayda,Jewkes,fjewkes5i@nydailynews.com,Female,52.74.196.169
200,Ruthy,Newey,rnewey5j@prweb.com,Female,114.65.98.233
201,Kiele,Stalley,kstalley5k@ox.ac.uk,Female,158.91.142.14
202,Donovan,Gepson,dgepson5l@whitehouse.gov,Male,166.190.159.5
203,Sheelah,Kennedy,skennedy5m@mtv.com,Female,17.76.4.84
204,Cherish,Christophle,cchristophle5n@bbb.org,Female,153.40.238.9
205,Jaimie,Kisbey,jkisbey5o@comcast.net,Male,132.240.71.244
206,Hogan,Killoran,hkilloran5p@mozilla.org,Male,45.100.157.194
207,Kort,Edgington,kedgington5q@shareasale.com,Male,75.104.253.241
208,Merill,Dulake,mdulake5r@typepad.com,Male,71.54.111.253
209,Ferdie,Taill,ftaill5s@php.net,Male,155.51.68.189
210,Melba,Parrington,mparrington5t@patch.com,Female,242.239.81.13
211,Skell,Elks,selks5u@wufoo.com,Male,210.32.80.44
212,Ewell,Copland,ecopland5v@google.cn,Male,71.242.98.92
213,Beck,Shortan,bshortan5w@webmd.com,Male,43.9.13.172
214,Sandra,Songist,ssongist5x@yandex.ru,Female,203.234.138.245
215,Park,Kubyszek,pkubyszek5y@sohu.com,Male,245.240.150.182
216,Rina,Jerzyk,rjerzyk5z@delicious.com,Female,51.2.165.139
217,Colly,Vasilevich,cvasilevich60@toplist.cz,Female,213.68.25.98
218,Lazarus,Tolhurst,ltolhurst61@spotify.com,Male,137.61.108.240
219,Jamey,Chatterton,jchatterton62@opensource.org,Male,93.89.231.0
220,Vassily,Mathison,vmathison63@apple.com,Male,40.138.223.47
221,Geoffrey,Micco,gmicco64@illinois.edu,Male,189.59.150.151
222,Kristy,Bladon,kbladon65@constantcontact.com,Female,28.217.42.176
223,Ingeborg,Fussell,ifussell66@hostgator.com,Female,244.255.127.151
224,Clarice,Borrowman,cborrowman67@cpanel.net,Female,13.163.137.29
225,Masha,Verden,mverden68@reddit.com,Female,133.230.245.228
226,Gustavus,Robke,grobke69@freewebs.com,Male,118.165.36.214
227,Stormie,Ludwig,sludwig6a@mac.com,Female,3.117.242.66
228,Myrta,Classen,mclassen6b@dropbox.com,Female,191.58.218.222
229,Shay,Toma,stoma6c@google.ca,Male,138.158.217.59
230,Dewain,Jolliss,djolliss6d@mac.com,Male,200.114.135.215
231,Tadio,Greenley,tgreenley6e@china.com.cn,Male,209.36.218.80
232,Roger,Bonus,rbonus6f@ovh.net,Male,31.208.54.248
233,Ainslee,Cutchey,acutchey6g@nba.com,Female,114.246.38.215
234,Rudd,Linturn,rlinturn6h@bluehost.com,Male,82.231.27.73
235,Neille,Garratt,ngarratt6i@google.ca,Female,103.52.200.177
236,Lucian,Guille,lguille6j@sitemeter.com,Male,121.14.117.129
237,Derward,Del Dello,ddeldello6k@purevolume.com,Male,103.102.251.170
238,Fred,Carwithen,fcarwithen6l@360.cn,Male,230.159.182.212
239,Esma,Filipic,efilipic6m@liveinternet.ru,Female,231.91.104.58
240,Bordie,O'Sheeryne,bosheeryne6n@nhs.uk,Male,154.251.55.145
241,Connie,Abrahim,cabrahim6o@mapquest.com,Female,195.220.158.91
242,Michal,Snuggs,msnuggs6p@github.com,Female,85.169.20.73
243,Galen,Karpenko,gkarpenko6q@hibu.com,Male,167.155.107.108
244,Patric,Fancutt,pfancutt6r@nbcnews.com,Male,61.25.117.14
245,Zia,Lilloe,zlilloe6s@scientificamerican.com,Female,239.6.98.178
246,Kendre,Olenikov,kolenikov6t@acquirethisname.com,Female,228.211.170.248
247,Bard,Cheeseman,bcheeseman6u@posterous.com,Male,91.229.67.16
248,Gunar,Valadez,gvaladez6v@bluehost.com,Male,152.225.211.9
249,Lenore,Bovaird,lbovaird6w@bandcamp.com,Female,52.78.70.38
250,Aindrea,Limon,alimon6x@symantec.com,Female,204.45.213.13
251,Sullivan,Hanks,shanks6y@1und1.de,Male,156.48.251.20
252,Garrot,Colenutt,gcolenutt6z@hugedomains.com,Male,183.86.219.5
253,Ken,Blurton,kblurton70@weather.com,Male,225.139.117.133
254,Miguelita,Baddam,mbaddam71@over-blog.com,Female,154.170.189.28
255,Salvador,Hughlock,shughlock72@adobe.com,Male,38.86.41.137
256,Farlay,Tate,ftate73@bloglovin.com,Male,153.212.67.20
257,Raven,Minnock,rminnock74@unblog.fr,Female,230.64.71.53
258,Anselm,Boost,aboost75@bing.com,Male,206.161.30.103
259,Gustav,Bastie,gbastie76@flavors.me,Male,108.144.255.90
260,Ardra,O'Brogan,aobrogan77@webeden.co.uk,Female,6.107.85.233
261,Lanna,Prandi,lprandi78@t.co,Female,254.105.141.205
262,Burty,Rowes,browes79@privacy.gov.au,Male,230.199.116.248
263,Shirley,Curtayne,scurtayne7a@hao123.com,Female,201.44.103.142
264,Gabriela,Bestwerthick,gbestwerthick7b@tinyurl.com,Female,167.189.59.126
265,Tracie,Larcombe,tlarcombe7c@washingtonpost.com,Male,208.113.142.179
266,Noemi,Stainfield,nstainfield7d@cocolog-nifty.com,Female,94.115.16.179
267,Cortney,Northen,cnorthen7e@github.io,Female,134.180.35.81
268,Marcie,Splevin,msplevin7f@state.gov,Female,187.81.3.159
269,Mervin,Waycot,mwaycot7g@washingtonpost.com,Male,144.8.155.194
270,Dorey,Mingey,dmingey7h@weibo.com,Male,131.67.178.74
271,Kevan,Stanyland,kstanyland7i@bbb.org,Male,251.33.148.93
272,Miller,Mc Gorley,mmcgorley7j@nifty.com,Male,210.26.1.23
273,Ambur,Beames,abeames7k@surveymonkey.com,Female,224.28.45.47
274,Bernadette,Van Castele,bvancastele7l@people.com.cn,Female,236.178.118.97
275,Pebrook,Antley,pantley7m@cloudflare.com,Male,109.255.147.194
276,Andriana,Agett,aagett7n@flickr.com,Female,239.24.195.160
277,Ginger,Bewshea,gbewshea7o@merriam-webster.com,Female,180.44.67.161
278,Tabby,McSherry,tmcsherry7p@bing.com,Male,27.156.243.76
279,Fidelio,Matschuk,fmatschuk7q@php.net,Male,58.166.130.93
280,Gizela,Fines,gfines7r@army.mil,Female,96.85.220.233
281,Umberto,Raithbie,uraithbie7s@topsy.com,Male,160.235.237.146
282,Trude,Bowmer,tbowmer7t@bbb.org,Female,0.250.148.33
283,Lenna,Marques,lmarques7u@clickbank.net,Female,67.219.49.33
284,Damiano,Wiggins,dwiggins7v@ucla.edu,Male,234.214.24.226
285,Rena,Duddy,rduddy7w@elegantthemes.com,Female,123.124.52.54
286,Laureen,Pickston,lpickston7x@nydailynews.com,Female,7.39.176.232
287,Gris,Franz,gfranz7y@washingtonpost.com,Male,80.154.221.3
288,Magdaia,Andrzejak,mandrzejak7z@jiathis.com,Female,177.131.59.172
289,Twila,Sustin,tsustin80@bbc.co.uk,Female,220.198.128.91
290,Valentina,Sauniere,vsauniere81@bluehost.com,Female,189.251.110.61
291,Ogdan,Ellicock,oellicock82@wikia.com,Male,180.1.229.205
292,Rainer,Stanborough,rstanborough83@mapy.cz,Male,6.188.90.133
293,Beryl,Matyushenko,bmatyushenko84@vinaora.com,Female,228.165.221.253
294,Andy,Medling,amedling85@nhs.uk,Female,10.117.101.181
295,Berenice,D'Agostini,bdagostini86@china.com.cn,Female,247.248.81.148
296,Jean,Dighton,jdighton87@gnu.org,Male,19.212.62.55
297,Libbie,Kennerknecht,lkennerknecht88@weibo.com,Female,253.105.222.15
298,Mirelle,Sarll,msarll89@csmonitor.com,Female,242.99.95.166
299,Sarge,Stainland,sstainland8a@ted.com,Male,254.131.27.49
300,Brana,De Hoogh,bdehoogh8b@instagram.com,Female,107.220.127.83
301,Paige,Trittam,ptrittam8c@liveinternet.ru,Female,5.238.84.149
302,Nicolette,Rakes,nrakes8d@about.com,Female,196.251.237.162
303,Virgie,Dayes,vdayes8e@princeton.edu,Male,194.202.26.62
304,Nerita,Duplain,nduplain8f@friendfeed.com,Female,192.56.93.55
305,Eddi,Bonhan,ebonhan8g@ca.gov,Female,112.200.154.201
306,Nicole,Annwyl,nannwyl8h@ucsd.edu,Female,23.48.147.215
307,Free,Nind,fnind8i@chicagotribune.com,Male,106.71.48.112
308,Regan,Sivill,rsivill8j@deliciousdays.com,Male,111.39.160.237
309,Harriet,Penburton,hpenburton8k@blogspot.com,Female,194.120.231.121
310,Monty,De la Harpe,mdelaharpe8l@delicious.com,Male,45.84.65.88
311,Mallory,Barhims,mbarhims8m@bbb.org,Male,27.243.215.211
312,Ursulina,Brugmann,ubrugmann8n@google.co.jp,Female,204.22.209.192
313,Edith,Loveday,eloveday8o@chicagotribune.com,Female,224.146.42.78
314,Fremont,Abbets,fabbets8p@gizmodo.com,Male,115.184.140.87
315,Athene,Addenbrooke,aaddenbrooke8q@google.es,Female,73.80.248.162
316,Garrott,Morrison,gmorrison8r@slashdot.org,Male,220.73.147.162
317,Prissie,Ladbrook,pladbrook8s@aol.com,Female,246.64.179.38
318,Inger,O'Kielt,iokielt8t@ibm.com,Female,61.178.27.60
319,Den,Culpen,dculpen8u@telegraph.co.uk,Male,7.184.5.65
320,Ardene,Jouhning,ajouhning8v@macromedia.com,Female,192.142.47.157
321,Clive,Entwhistle,centwhistle8w@epa.gov,Male,176.107.127.84
322,Meara,McDougal,mmcdougal8x@acquirethisname.com,Female,77.157.59.59
323,Del,Blagbrough,dblagbrough8y@canalblog.com,Male,187.236.49.146
324,Stacey,Kneaphsey,skneaphsey8z@tinypic.com,Female,91.192.250.174
325,Corilla,MacLoughlin,cmacloughlin90@theatlantic.com,Female,194.173.18.108
326,Opaline,Tafani,otafani91@blogger.com,Female,232.200.128.54
327,Delmer,Eldershaw,deldershaw92@nih.gov,Male,19.240.216.183
328,Corbin,Ogilvy,cogilvy93@prweb.com,Male,223.62.71.250
329,Taylor,Grundell,tgrundell94@ihg.com,Male,189.118.1.95
330,Emanuele,Flips,eflips95@zimbio.com,Male,175.22.42.129
331,Edee,Jearum,ejearum96@businesswire.com,Female,130.144.225.56
332,Nikkie,Ruane,nruane97@pcworld.com,Female,172.143.226.73
333,Joycelin,Wisker,jwisker98@cargocollective.com,Female,151.132.34.184
334,Rhonda,Durbyn,rdurbyn99@columbia.edu,Female,37.85.174.217
335,Ana,Anthonies,aanthonies9a@bloglovin.com,Female,60.17.45.65
336,Lira,Scarsbrook,lscarsbrook9b@drupal.org,Female,182.223.40.35
337,Sylvan,Traice,straice9c@cbslocal.com,Male,204.48.63.121
338,Tawnya,D'Onise,tdonise9d@qq.com,Female,78.252.172.199
339,Dugald,Reasce,dreasce9e@shareasale.com,Male,129.240.183.254
340,Tait,Gallatly,tgallatly9f@etsy.com,Male,181.160.226.254
341,Agata,Winnister,awinnister9g@dmoz.org,Female,115.211.97.113
342,Shell,Penny,spenny9h@jimdo.com,Female,216.17.232.124
343,Kyla,Tringham,ktringham9i@ihg.com,Female,94.244.137.218
344,Garrott,Catto,gcatto9j@deliciousdays.com,Male,202.1.147.6
345,Carri,Fideler,cfideler9k@opera.com,Female,221.144.245.74
346,Allister,Oldam,aoldam9l@ocn.ne.jp,Male,239.249.38.197
347,Daron,Prince,dprince9m@china.com.cn,Female,158.174.168.201
348,Drew,Rosenblath,drosenblath9n@mayoclinic.com,Male,40.108.78.181
349,Shamus,Sewart,ssewart9o@cocolog-nifty.com,Male,190.254.184.203
350,Beau,Learmonth,blearmonth9p@chicagotribune.com,Male,89.209.237.226
351,Lancelot,Rodge,lrodge9q@icio.us,Male,147.98.11.251
352,Harley,Cantopher,hcantopher9r@wordpress.org,Female,69.170.155.86
353,Nickolas,Neill,nneill9s@google.it,Male,79.218.29.46
354,Pollyanna,Bispham,pbispham9t@linkedin.com,Female,172.84.36.239
355,Joseito,Earwaker,jearwaker9u@e-recht24.de,Male,41.230.195.226
356,Waite,Guiden,wguiden9v@aboutads.info,Male,84.161.120.104
357,Mathew,Huthart,mhuthart9w@jalbum.net,Male,54.147.63.207
358,Erv,Pendlenton,ependlenton9x@bloglines.com,Male,23.49.59.237
359,Homer,Siggs,hsiggs9y@dmoz.org,Male,228.100.90.153
360,Early,Sherston,esherston9z@gmpg.org,Male,82.36.133.69
361,Ezra,Bathurst,ebathursta0@homestead.com,Male,1.225.22.239
362,Brendan,Borthe,bborthea1@scientificamerican.com,Male,53.148.2.50
363,Amby,Squirrel,asquirrela2@fastcompany.com,Male,120.232.223.23
364,Dell,Jaram,djarama3@sciencedaily.com,Male,44.241.39.37
365,Saree,Jemmett,sjemmetta4@cpanel.net,Female,102.67.92.94
366,Bernard,Evennett,bevennetta5@youku.com,Male,20.228.46.75
367,Averell,Candlish,acandlisha6@discovery.com,Male,249.8.16.39
368,Lyndsay,Arnaudon,larnaudona7@ftc.gov,Female,196.254.7.49
369,Starla,Mulvany,smulvanya8@dedecms.com,Female,71.250.51.136
370,Georas,McGovern,gmcgoverna9@123-reg.co.uk,Male,175.232.229.176
371,Lauryn,D'Avaux,ldavauxaa@scientificamerican.com,Female,60.209.124.123
372,Leesa,Grenkov,lgrenkovab@fc2.com,Female,154.13.67.46
373,Bealle,Glashby,bglashbyac@woothemes.com,Male,101.160.233.112
374,Baxy,Barcke,bbarckead@whitehouse.gov,Male,44.143.241.206
375,Carlo,Varndall,cvarndallae@google.it,Male,24.99.18.155
376,Floria,Trim,ftrimaf@sphinn.com,Female,146.17.176.185
377,Herman,Leathes,hleathesag@vk.com,Male,211.246.175.26
378,Haley,Varnam,hvarnamah@amazonaws.com,Male,149.62.29.79
379,Fowler,Dury,fduryai@jugem.jp,Male,144.81.89.220
380,Cameron,Allbrook,callbrookaj@va.gov,Male,239.208.230.212
381,Vonnie,Bolam,vbolamak@icio.us,Female,162.116.156.129
382,Lanny,Finlan,lfinlanal@salon.com,Female,187.59.5.2
383,Louisa,Tumbridge,ltumbridgeam@youtube.com,Female,86.226.228.211
384,Lusa,Gouny,lgounyan@jigsy.com,Female,32.193.46.123
385,Georgia,Duddle,gduddleao@vk.com,Female,236.184.27.69
386,Pearla,Vasilyev,pvasilyevap@issuu.com,Female,9.107.152.239
387,Kimble,Feasey,kfeaseyaq@youku.com,Male,255.32.19.234
388,Fanya,Earnshaw,fearnshawar@dyndns.org,Female,213.221.26.56
389,Ilse,Gregg,igreggas@miitbeian.gov.cn,Female,164.48.215.107
390,Rufe,Moorfield,rmoorfieldat@homestead.com,Male,136.5.113.154
391,Rem,Danton,rdantonau@creativecommons.org,Male,187.87.192.222
392,Damiano,Appleton,dappletonav@ow.ly,Male,100.41.218.46
393,Lorettalorna,Rennels,lrennelsaw@mtv.com,Female,145.64.169.253
394,Meghann,de Juares,mdejuaresax@npr.org,Female,48.187.206.102
395,Anatole,Chaffin,achaffinay@tumblr.com,Male,125.227.104.248
396,Joella,By,jbyaz@accuweather.com,Female,20.233.160.59
397,Briney,Rallinshaw,brallinshawb0@paypal.com,Female,34.165.178.64
398,Gregory,Pedroli,gpedrolib1@google.cn,Male,119.129.174.209
399,Calypso,Cheavin,ccheavinb2@mashable.com,Female,68.151.157.254
400,Ranice,Bondy,rbondyb3@themeforest.net,Female,138.235.159.209
401,Curtice,Unstead,cunsteadb4@clickbank.net,Male,169.186.213.162
402,Ulick,Dewen,udewenb5@tinypic.com,Male,26.47.225.121
403,Dex,Jeger,djegerb6@cisco.com,Male,44.245.56.186
404,Dorolice,Hawton,dhawtonb7@admin.ch,Female,201.146.109.99
405,Hamel,Wurz,hwurzb8@yellowpages.com,Male,22.209.227.183
406,Jerrie,Gubbin,jgubbinb9@wired.com,Male,126.51.138.70
407,Zonnya,Dunckley,zdunckleyba@telegraph.co.uk,Female,137.203.57.83
408,Auguste,Lambart,alambartbb@wordpress.org,Female,233.155.157.241
409,Farleigh,Mularkey,fmularkeybc@nbcnews.com,Male,249.51.53.118
410,Sibyl,Lewing,slewingbd@chronoengine.com,Male,213.139.97.249
411,Garvin,Lothlorien,glothlorienbe@macromedia.com,Male,15.120.70.153
412,Colette,Cicconettii,ccicconettiibf@facebook.com,Female,39.247.63.55
413,Hannie,Mayell,hmayellbg@narod.ru,Female,160.244.59.157
414,Connie,Humbatch,chumbatchbh@youtu.be,Female,245.250.227.82
415,Karyn,Leband,klebandbi@mashable.com,Female,254.81.24.76
416,Lennard,Keyme,lkeymebj@friendfeed.com,Male,226.70.232.127
417,Bax,Schultheiss,bschultheissbk@paypal.com,Male,132.50.255.122
418,Ethelda,Ziemsen,eziemsenbl@cafepress.com,Female,74.138.149.230
419,Vivi,Boissier,vboissierbm@jiathis.com,Female,192.205.164.157
420,Mordy,Ciccotti,mciccottibn@stumbleupon.com,Male,114.254.0.192
421,Deerdre,Cranmor,dcranmorbo@sina.com.cn,Female,208.122.39.72
422,Bertie,Purcell,bpurcellbp@unblog.fr,Female,109.99.102.170
423,Augustine,O'Scully,aoscullybq@freewebs.com,Male,131.82.21.217
424,Levon,Richardes,lrichardesbr@census.gov,Male,251.238.14.43
425,Charmine,Sigg,csiggbs@qq.com,Female,95.136.123.124
426,Anneliese,Fagan,afaganbt@marketwatch.com,Female,205.159.78.242
427,Freedman,Ortiga,fortigabu@cbc.ca,Male,81.63.189.210
428,Andie,Axworthy,aaxworthybv@berkeley.edu,Female,233.125.8.85
429,Drucill,Cabena,dcabenabw@facebook.com,Female,72.252.87.89
430,Corrina,Pawlaczyk,cpawlaczykbx@gov.uk,Female,142.245.73.98
431,Tanny,Grigolashvill,tgrigolashvillby@g.co,Male,45.154.46.253
432,Candace,Barracks,cbarracksbz@sciencedirect.com,Female,248.90.95.143
433,Morgen,Langmuir,mlangmuirc0@cmu.edu,Female,41.31.127.152
434,Violette,Luxmoore,vluxmoorec1@google.it,Female,199.28.175.199
435,Robenia,Woollhead,rwoollheadc2@edublogs.org,Female,85.114.100.34
436,Webb,Kirkbride,wkirkbridec3@weibo.com,Male,204.153.39.145
437,Emmeline,Halligan,ehalliganc4@nhs.uk,Female,31.232.114.157
438,Morgun,Balleine,mballeinec5@clickbank.net,Male,197.96.222.219
439,Thia,Lathwood,tlathwoodc6@toplist.cz,Female,255.153.195.210
440,Johnny,Scrivener,jscrivenerc7@tuttocitta.it,Male,110.221.5.180
441,Foster,Gregory,fgregoryc8@timesonline.co.uk,Male,211.161.121.248
442,Myrvyn,Scrange,mscrangec9@tiny.cc,Male,59.60.196.220
443,Bartie,De Brett,bdebrettca@newyorker.com,Male,209.140.131.189
444,Dietrich,Fernandes,dfernandescb@toplist.cz,Male,200.30.146.14
445,Arny,Baszkiewicz,abaszkiewiczcc@webeden.co.uk,Male,163.3.39.14
446,Rob,Aldins,raldinscd@networksolutions.com,Male,224.55.86.97
447,Lucina,Lecount,llecountce@weather.com,Female,115.240.137.54
448,Wheeler,Wayne,wwaynecf@slashdot.org,Male,14.119.191.254
449,Sidonnie,Roache,sroachecg@reference.com,Female,182.254.57.127
450,Adriaens,Bedle,abedlech@vistaprint.com,Female,189.216.54.70
451,Danyette,Scampion,dscampionci@hatena.ne.jp,Female,208.77.55.172
452,Fax,Imort,fimortcj@bbc.co.uk,Male,209.52.202.205
453,Franky,Gask,fgaskck@va.gov,Male,218.19.85.176
454,Griffith,Tether,gtethercl@creativecommons.org,Male,113.245.114.197
455,Junette,Kerr,jkerrcm@alibaba.com,Female,65.144.240.46
456,Morie,Drakeley,mdrakeleycn@live.com,Male,101.54.85.85
457,Vincent,Andrey,vandreyco@princeton.edu,Male,211.112.193.55
458,Krystalle,Siddens,ksiddenscp@berkeley.edu,Female,123.124.136.5
459,Van,Meiklejohn,vmeiklejohncq@ucla.edu,Female,255.227.144.24
460,Sharla,Basil,sbasilcr@networksolutions.com,Female,64.153.141.67
461,Loren,Waker,lwakercs@theguardian.com,Male,15.86.73.216
462,Kurtis,Filipczak,kfilipczakct@wordpress.com,Male,13.113.46.42
463,Charlie,McGahey,cmcgaheycu@infoseek.co.jp,Male,3.59.171.130
464,Rowe,Clemenson,rclemensoncv@weibo.com,Female,252.127.99.235
465,Lewes,Farnorth,lfarnorthcw@alexa.com,Male,73.83.166.149
466,Tobey,McParland,tmcparlandcx@theguardian.com,Female,82.21.129.210
467,Tedda,Tyrwhitt,ttyrwhittcy@technorati.com,Female,26.194.189.155
468,Hercule,Studd,hstuddcz@altervista.org,Male,4.223.219.67
469,Gleda,Devennie,gdevennied0@weebly.com,Female,255.74.194.51
470,Ashly,Bamling,abamlingd1@uol.com.br,Female,92.3.246.174
471,Blaine,Stading,bstadingd2@loc.gov,Male,25.11.200.60
472,Josee,Formoy,jformoyd3@livejournal.com,Female,42.37.250.161
473,Lyman,Savill,lsavilld4@seesaa.net,Male,137.37.95.217
474,Evvy,Pepye,epepyed5@google.com,Female,131.153.124.236
475,Warden,Rouse,wroused6@biglobe.ne.jp,Male,137.227.42.72
476,Margaretha,Womersley,mwomersleyd7@boston.com,Female,49.65.129.185
477,Jonah,Buttery,jbutteryd8@about.com,Male,46.140.148.146
478,Robinet,Alkin,ralkind9@squarespace.com,Female,88.128.147.208
479,Aleen,Lippett,alippettda@hatena.ne.jp,Female,201.91.212.51
480,Gretna,Aspinal,gaspinaldb@spotify.com,Female,105.176.108.196
481,Dania,Logie,dlogiedc@geocities.jp,Female,62.83.111.232
482,Adan,Farquhar,afarquhardd@economist.com,Female,50.31.187.117
483,Noella,Bothram,nbothramde@youku.com,Female,202.57.231.110
484,Carmine,Lightman,clightmandf@ucla.edu,Male,243.105.103.156
485,Ripley,Whiteford,rwhiteforddg@gnu.org,Male,95.37.94.131
486,Ethel,Haet,ehaetdh@google.com.br,Female,250.214.160.40
487,Zuzana,Figures,zfiguresdi@slashdot.org,Female,108.209.84.105
488,Carney,Tregonna,ctregonnadj@sohu.com,Male,8.227.246.20
489,Joseph,Bradnam,jbradnamdk@creativecommons.org,Male,62.18.21.226
490,Kennan,Cater,kcaterdl@oracle.com,Male,181.18.236.130
491,Arie,Hargrove,ahargrovedm@abc.net.au,Male,168.92.226.229
492,Ardelia,Bris,abrisdn@fda.gov,Female,37.123.3.220
493,Roosevelt,Pickersail,rpickersaildo@cornell.edu,Male,124.129.88.247
494,Borg,Blakeborough,bblakeboroughdp@zimbio.com,Male,22.235.65.187
495,Alec,Heenan,aheenandq@a8.net,Male,227.94.161.246
496,Carver,Frascone,cfrasconedr@weibo.com,Male,210.30.120.254
497,Chevy,Tregidga,ctregidgads@nbcnews.com,Male,159.157.101.10
498,Roxy,Reboulet,rrebouletdt@ask.com,Female,78.241.78.54
499,Clovis,Toe,ctoedu@mapy.cz,Female,155.157.79.15
500,Indira,Thowes,ithowesdv@bizjournals.com,Female,118.253.79.204
501,Lesya,Sizeland,lsizelanddw@yellowpages.com,Female,168.100.89.39
502,Lyssa,Elgie,lelgiedx@jugem.jp,Female,21.215.28.22
503,Jillane,Bouda,jboudady@wisc.edu,Female,133.190.232.112
504,Fancy,McRitchie,fmcritchiedz@sitemeter.com,Female,131.108.115.159
505,Rafaelita,Godfrey,rgodfreye0@bbc.co.uk,Female,120.175.146.0
506,Torrey,Gove,tgovee1@wikia.com,Male,1.40.78.166
507,Opal,Williamson,owilliamsone2@hao123.com,Female,255.69.124.136
508,Leroi,Shiliton,lshilitone3@house.gov,Male,211.226.149.227
509,Clerkclaude,Baldini,cbaldinie4@nymag.com,Male,45.228.142.126
510,Janot,Kenningham,jkenninghame5@t-online.de,Female,210.21.202.20
511,Manya,Blas,mblase6@bloglines.com,Female,143.124.213.243
512,Noel,Gloves,nglovese7@xinhuanet.com,Male,185.185.109.134
513,Bil,Correa,bcorreae8@springer.com,Male,226.248.92.94
514,Galen,Bryant,gbryante9@rakuten.co.jp,Male,129.114.252.225
515,Vittorio,Alsopp,valsoppea@amazon.com,Male,241.200.131.36
516,Guillemette,Woolrich,gwoolricheb@oakley.com,Female,143.153.102.97
517,Claus,Wilshere,cwilshereec@xing.com,Male,135.103.50.188
518,Latrena,Fawlks,lfawlksed@fda.gov,Female,80.3.111.6
519,Douglass,Hilary,dhilaryee@house.gov,Male,179.128.85.192
520,Carine,Ritchman,critchmanef@cnet.com,Female,142.112.166.127
521,Andi,Divall,adivalleg@auda.org.au,Female,173.81.46.60
522,Enrica,Grafham,egrafhameh@statcounter.com,Female,49.116.113.166
523,Hughie,Bengoechea,hbengoecheaei@google.de,Male,140.138.212.2
524,Viviana,Bagge,vbaggeej@webmd.com,Female,249.205.54.242
525,Delmor,McCole,dmccoleek@myspace.com,Male,189.212.216.120
526,Kellby,Ruhben,kruhbenel@un.org,Male,115.94.58.114
527,Beverlie,Biggins,bbigginsem@nationalgeographic.com,Female,56.185.8.122
528,Mordecai,Chown,mchownen@topsy.com,Male,87.227.187.159
529,Kiah,Webley,kwebleyeo@wikispaces.com,Female,194.120.73.51
530,Blane,Herety,bheretyep@rambler.ru,Male,217.222.42.240
531,Devora,Dymocke,ddymockeeq@bloglines.com,Female,195.220.25.1
532,Eal,Perry,eperryer@sciencedirect.com,Male,86.159.92.105
533,Erl,Gerb,egerbes@google.cn,Male,175.120.173.45
534,Dewie,Grissett,dgrissettet@ucla.edu,Male,11.135.118.165
535,Benoit,Chotty,bchottyeu@weather.com,Male,91.178.206.86
536,Nannie,O'Giany,nogianyev@scientificamerican.com,Female,229.208.85.106
537,Paulina,Moloney,pmoloneyew@oracle.com,Female,35.225.26.90
538,Jae,Kenworthey,jkenwortheyex@booking.com,Male,218.228.42.183
539,Dorene,Avrahamof,davrahamofey@disqus.com,Female,4.127.5.99
540,Neddy,McFadin,nmcfadinez@youtu.be,Male,241.129.233.126
541,Ladonna,Starton,lstartonf0@japanpost.jp,Female,1.97.78.165
542,Rolland,Applewhite,rapplewhitef1@nifty.com,Male,212.94.205.167
543,Atlanta,Lorentz,alorentzf2@ft.com,Female,70.42.208.111
544,Marcellus,Gartland,mgartlandf3@constantcontact.com,Male,171.59.101.219
545,Braden,Florez,bflorezf4@nsw.gov.au,Male,194.254.13.150
546,Nancey,Sidry,nsidryf5@geocities.com,Female,110.114.181.76
547,Josefina,MacNair,jmacnairf6@auda.org.au,Female,53.170.50.3
548,Aeriela,Cowburn,acowburnf7@state.gov,Female,197.201.66.144
549,Walther,Godbald,wgodbaldf8@theglobeandmail.com,Male,46.223.255.233
550,Tracie,Boustred,tboustredf9@free.fr,Female,251.43.196.209
551,Rusty,Josuweit,rjosuweitfa@samsung.com,Male,85.137.206.116
552,Saraann,Adacot,sadacotfb@sitemeter.com,Female,67.78.27.134
553,Scottie,Koenen,skoenenfc@com.com,Male,77.222.130.16
554,Alec,Trees,atreesfd@themeforest.net,Male,124.237.133.99
555,Daryn,Crowcher,dcrowcherfe@comsenz.com,Female,109.234.183.114
556,Rois,Czaja,rczajaff@uol.com.br,Female,50.200.98.168
557,Normy,Philo,nphilofg@wufoo.com,Male,233.39.22.36
558,Vaughan,Calbert,vcalbertfh@about.com,Male,199.129.205.235
559,Riki,Bricknall,rbricknallfi@issuu.com,Female,223.157.127.95
560,Vivia,Gorghetto,vgorghettofj@yandex.ru,Female,110.200.186.109
561,Ive,Margerison,imargerisonfk@utexas.edu,Male,241.167.114.182
562,Lynette,Kopec,lkopecfl@chronoengine.com,Female,59.175.130.239
563,Michael,Mellenby,mmellenbyfm@miibeian.gov.cn,Male,185.47.185.245
564,Liz,Scamaden,lscamadenfn@shinystat.com,Female,140.215.50.80
565,Mandi,Searjeant,msearjeantfo@ucoz.com,Female,19.212.240.84
566,Tommy,Frogley,tfrogleyfp@hc360.com,Male,197.73.18.62
567,Woodrow,Baccup,wbaccupfq@is.gd,Male,139.131.21.55
568,Loy,Latch,llatchfr@dagondesign.com,Male,157.137.91.40
569,Georgia,Shorey,gshoreyfs@jugem.jp,Female,24.146.117.181
570,Mindy,Cuell,mcuellft@elegantthemes.com,Female,66.123.21.61
571,Moria,Rizzardi,mrizzardifu@wiley.com,Female,205.130.173.217
572,Bili,Colgan,bcolganfv@ed.gov,Female,203.197.29.224
573,Shanon,Rizon,srizonfw@nba.com,Female,127.183.41.24
574,Tabina,Tither,ttitherfx@ebay.com,Female,189.157.89.225
575,Luca,Eingerfield,leingerfieldfy@histats.com,Male,218.166.62.84
576,Chandal,Mablestone,cmablestonefz@icq.com,Female,185.48.45.23
577,Babs,Dealy,bdealyg0@mozilla.org,Female,171.97.121.72
578,Kendal,Epilet,kepiletg1@npr.org,Male,22.160.125.250
579,Marcus,Strettell,mstrettellg2@naver.com,Male,245.58.94.3
580,Peg,Milnes,pmilnesg3@answers.com,Female,235.171.132.22
581,Kakalina,Newlands,knewlandsg4@go.com,Female,24.253.189.171
582,Licha,MacCallion,lmaccalliong5@spotify.com,Female,59.203.77.220
583,Armando,Illingworth,aillingworthg6@flickr.com,Male,223.144.235.204
584,Sig,Keene,skeeneg7@zimbio.com,Male,60.57.153.6
585,Christopher,Staries,cstariesg8@goodreads.com,Male,98.173.184.121
586,Saundra,Vynoll,svynollg9@goo.gl,Male,22.171.77.175
587,Shellie,Buck,sbuckga@liveinternet.ru,Female,147.131.62.210
588,Phillipp,O' Connell,poconnellgb@blogspot.com,Male,53.44.100.121
589,Frazer,Larmuth,flarmuthgc@auda.org.au,Male,198.174.152.137
590,Seth,Nell,snellgd@nymag.com,Male,114.245.107.93
591,Manny,Housam,mhousamge@answers.com,Male,95.44.206.213
592,Tabbie,Franciskiewicz,tfranciskiewiczgf@edublogs.org,Female,168.5.184.8
593,Shelly,Nottingam,snottingamgg@ameblo.jp,Female,111.60.231.102
594,Rodger,Guitton,rguittongh@google.fr,Male,147.228.80.148
595,Ulises,Spadazzi,uspadazzigi@netlog.com,Male,164.18.18.173
596,Stanislaus,Faiers,sfaiersgj@chronoengine.com,Male,75.95.128.223
597,Dewain,Pancast,dpancastgk@ca.gov,Male,251.242.33.194
598,Rollins,Wixey,rwixeygl@flavors.me,Male,16.45.84.148
599,Ignatius,Branney,ibranneygm@amazon.co.jp,Male,138.117.250.72
600,Orelle,Swait,oswaitgn@wiley.com,Female,98.248.180.184
601,Nicky,Creed,ncreedgo@wikia.com,Male,5.152.138.189
602,Tammie,Simonetti,tsimonettigp@biblegateway.com,Female,214.225.66.122
603,Padraic,Pyzer,ppyzergq@nsw.gov.au,Male,96.128.82.13
604,Violante,Colquite,vcolquitegr@nationalgeographic.com,Female,206.50.34.23
605,Michale,Kubes,mkubesgs@engadget.com,Male,112.56.219.110
606,Minne,Hudless,mhudlessgt@mysql.com,Female,126.86.20.140
607,Rivalee,Megainey,rmegaineygu@1688.com,Female,105.207.57.172
608,Ellary,Gildersleaves,egildersleavesgv@taobao.com,Male,46.196.51.209
609,Noble,Feveryear,nfeveryeargw@java.com,Male,105.134.50.145
610,Emlynne,Das,edasgx@a8.net,Female,37.50.227.96
611,Pamela,Dowding,pdowdinggy@github.io,Female,29.213.152.64
612,Shannon,O'Hannen,sohannengz@tumblr.com,Male,120.124.77.74
613,Ivar,Kleinhausen,ikleinhausenh0@over-blog.com,Male,11.25.142.231
614,Giselle,Ahlf,gahlfh1@mac.com,Female,201.87.229.89
615,Calv,Piscopo,cpiscopoh2@marketwatch.com,Male,9.229.23.40
616,Agosto,Prudham,aprudhamh3@intel.com,Male,244.206.101.169
617,Fons,Pren,fprenh4@ucsd.edu,Male,67.179.49.87
618,Clarence,Dome,cdomeh5@sakura.ne.jp,Male,176.94.107.16
619,Kerwin,Boddie,kboddieh6@squidoo.com,Male,168.52.95.51
620,Emmit,Rubinsky,erubinskyh7@omniture.com,Male,237.48.64.96
621,Thornie,Strike,tstrikeh8@technorati.com,Male,187.204.231.101
622,Rod,Durnill,rdurnillh9@sbwire.com,Male,169.205.153.3
623,Brannon,Woolhouse,bwoolhouseha@domainmarket.com,Male,225.182.129.152
624,Rudolph,Caswell,rcaswellhb@loc.gov,Male,136.129.64.111
625,Coop,Varah,cvarahhc@japanpost.jp,Male,33.79.90.123
626,Gratia,Burns,gburnshd@auda.org.au,Female,21.127.137.222
627,Augustine,Rops,aropshe@sun.com,Female,105.49.231.123
628,Korney,Phippin,kphippinhf@bandcamp.com,Female,42.195.230.49
629,Jeannette,Arnefield,jarnefieldhg@typepad.com,Female,189.149.98.13
630,Elsinore,Yitzhakof,eyitzhakofhh@mit.edu,Female,243.252.16.9
631,Whitaker,Kobpac,wkobpachi@shinystat.com,Male,115.56.197.215
632,Dennie,Yegorovnin,dyegorovninhj@pagesperso-orange.fr,Male,132.109.221.65
633,Rudyard,Bernadzki,rbernadzkihk@shop-pro.jp,Male,126.17.177.243
634,Christel,Lowdiane,clowdianehl@imdb.com,Female,109.3.152.37
635,Hedda,Lyosik,hlyosikhm@comcast.net,Female,188.163.247.55
636,Shelagh,Lindsley,slindsleyhn@webmd.com,Female,126.40.217.69
637,Orel,Taverner,otavernerho@ebay.co.uk,Female,11.40.30.32
638,Pietro,Jirousek,pjirousekhp@apache.org,Male,215.69.14.66
639,Farand,Mannock,fmannockhq@acquirethisname.com,Female,16.229.76.168
640,Gerhard,McMonies,gmcmonieshr@163.com,Male,89.201.225.53
641,Gare,Lavelle,glavellehs@hugedomains.com,Male,182.225.15.103
642,Marlin,Please,mpleaseht@bing.com,Male,222.236.95.243
643,Milt,Klainman,mklainmanhu@google.com.au,Male,182.203.119.170
644,Reba,Romanetti,rromanettihv@alibaba.com,Female,221.19.88.175
645,Alphonse,Ratnage,aratnagehw@biblegateway.com,Male,57.201.214.95
646,Margaretta,Lease,mleasehx@ning.com,Female,7.112.249.206
647,Corty,Rotherham,crotherhamhy@sitemeter.com,Male,190.128.25.93
648,Minne,Plak,mplakhz@hp.com,Female,85.162.23.162
649,Duncan,Witnall,dwitnalli0@cpanel.net,Male,140.12.245.250
650,Dougie,Tellenbrok,dtellenbroki1@jalbum.net,Male,56.44.133.192
651,Orlando,Krzyzaniak,okrzyzaniaki2@boston.com,Male,162.144.21.249
652,Patrick,Mulcahy,pmulcahyi3@t.co,Male,93.187.40.70
653,Peter,Fidler,pfidleri4@geocities.com,Male,30.143.254.75
654,Raffarty,Mereweather,rmereweatheri5@clickbank.net,Male,144.36.112.51
655,Tymothy,Rabjohn,trabjohni6@domainmarket.com,Male,129.116.8.245
656,Neala,Barbosa,nbarbosai7@digg.com,Female,33.200.28.130
657,Lianna,Crichmer,lcrichmeri8@yolasite.com,Female,118.41.85.232
658,Hermann,Lark,hlarki9@furl.net,Male,21.239.207.38
659,Shirlene,McBrier,smcbrieria@craigslist.org,Female,62.175.137.5
660,Beverie,Eastman,beastmanib@sohu.com,Female,2.98.36.23
661,Yancy,Osborne,yosborneic@liveinternet.ru,Male,97.39.49.91
662,Colline,Grishukhin,cgrishukhinid@goo.gl,Female,148.187.204.51
663,Eimile,Howey,ehoweyie@discuz.net,Female,211.151.223.190
664,Renie,Ickov,rickovif@a8.net,Female,210.85.15.148
665,Micky,Wastie,mwastieig@surveymonkey.com,Male,251.65.207.86
666,Tannie,Narracott,tnarracottih@exblog.jp,Male,50.149.184.189
667,Michaeline,Marriner,mmarrinerii@privacy.gov.au,Female,130.127.105.42
668,Barbe,Darbey,bdarbeyij@ycombinator.com,Female,200.98.42.159
669,Florance,Kabisch,fkabischik@webs.com,Female,212.211.240.0
670,Ly,Volleth,lvollethil@omniture.com,Male,206.38.222.8
671,Vivien,Sedgemore,vsedgemoreim@51.la,Female,111.132.196.156
672,Iormina,Batha,ibathain@psu.edu,Female,221.217.124.116
673,Harmon,Redmond,hredmondio@businessweek.com,Male,155.185.134.70
674,Sidnee,Hulland,shullandip@yahoo.com,Male,173.30.214.114
675,Corette,Emslie,cemslieiq@google.it,Female,203.135.201.250
676,Hynda,Virgin,hvirginir@jalbum.net,Female,199.131.56.117
677,Norrie,Duckering,nduckeringis@seesaa.net,Female,240.49.9.40
678,Trescha,Riccioppo,triccioppoit@freewebs.com,Female,197.171.58.65
679,Eugen,Mackrill,emackrilliu@cloudflare.com,Male,226.230.1.203
680,Winne,Ciccotti,wciccottiiv@google.com.au,Female,54.139.84.180
681,Kacy,Cholwell,kcholwelliw@ed.gov,Female,7.6.102.200
682,Rogerio,Ramirez,rramirezix@seesaa.net,Male,220.92.105.160
683,Serena,Hamblyn,shamblyniy@whitehouse.gov,Female,153.20.106.43
684,Hyacintha,Birdwistle,hbirdwistleiz@imgur.com,Female,28.41.130.36
685,Sarajane,Somerton,ssomertonj0@webnode.com,Female,124.226.148.88
686,Jasen,Shannon,jshannonj1@prweb.com,Male,235.42.161.7
687,Van,Devas,vdevasj2@ycombinator.com,Male,13.151.230.124
688,Erastus,Inchan,einchanj3@yellowpages.com,Male,218.39.48.189
689,Zollie,Di Ruggiero,zdiruggieroj4@fda.gov,Male,39.131.195.166
690,Padgett,Strugnell,pstrugnellj5@slideshare.net,Male,34.111.158.92
691,Cayla,Isted,cistedj6@intel.com,Female,179.117.168.228
692,Mikol,Rupel,mrupelj7@instagram.com,Male,92.181.97.6
693,Bill,Saxelby,bsaxelbyj8@nyu.edu,Male,204.71.94.173
694,Kinny,Pozzi,kpozzij9@naver.com,Male,46.122.115.107
695,Birk,Ridgers,bridgersja@creativecommons.org,Male,56.57.0.56
696,Leeanne,Snassell,lsnasselljb@nytimes.com,Female,203.58.195.220
697,Ranice,Moral,rmoraljc@globo.com,Female,26.206.189.118
698,Bendicty,Whitney,bwhitneyjd@sbwire.com,Male,1.30.85.156
699,Teodor,Aspray,tasprayje@nature.com,Male,63.223.216.110
700,Gunner,Labb,glabbjf@dedecms.com,Male,237.87.27.150
701,Craig,Bessant,cbessantjg@phpbb.com,Male,63.104.225.26
702,Halli,Cymper,hcymperjh@sakura.ne.jp,Female,44.238.19.149
703,Ogdon,Beccera,obecceraji@elegantthemes.com,Male,164.147.195.97
704,Jameson,Rawson,jrawsonjj@theatlantic.com,Male,49.225.27.101
705,Rustie,Kelcey,rkelceyjk@shareasale.com,Male,126.248.24.178
706,Luise,Davidovitz,ldavidovitzjl@intel.com,Female,34.28.227.104
707,Kriste,Vedyasov,kvedyasovjm@businesswire.com,Female,111.84.248.230
708,Gerrie,Blunden,gblundenjn@drupal.org,Female,253.39.180.102
709,Aubrie,Ohrtmann,aohrtmannjo@blog.com,Female,67.250.20.52
710,Bonnie,Fisbey,bfisbeyjp@fema.gov,Female,213.100.26.134
711,Lowe,Creaney,lcreaneyjq@cafepress.com,Male,168.160.173.31
712,Vannie,Please,vpleasejr@blog.com,Female,28.46.32.64
713,Cris,Kirwood,ckirwoodjs@gizmodo.com,Male,203.162.194.231
714,Elie,Buey,ebueyjt@jimdo.com,Female,247.246.221.197
715,Cthrine,Carlett,ccarlettju@timesonline.co.uk,Female,53.251.213.109
716,Alvis,Asel,aaseljv@google.ca,Male,19.219.13.252
717,Leonidas,Grinham,lgrinhamjw@weebly.com,Male,125.166.113.218
718,Marcile,Maasze,mmaaszejx@jalbum.net,Female,179.189.169.215
719,Milty,Conkie,mconkiejy@ucoz.ru,Male,55.69.28.234
720,Athene,Matthews,amatthewsjz@google.fr,Female,79.156.107.87
721,Wayland,Gall,wgallk0@cnbc.com,Male,11.68.0.106
722,Steven,Jouen,sjouenk1@barnesandnoble.com,Male,28.221.18.153
723,Camile,Lindenbaum,clindenbaumk2@redcross.org,Female,154.50.45.205
724,Dan,Turbat,dturbatk3@aboutads.info,Male,142.254.101.125
725,Jojo,Giddons,jgiddonsk4@who.int,Female,25.122.200.187
726,Jareb,Cherrett,jcherrettk5@google.co.jp,Male,158.148.173.182
727,Frederic,MacTrustram,fmactrustramk6@parallels.com,Male,123.197.10.239
728,Keriann,Gulston,kgulstonk7@dot.gov,Female,221.213.74.187
729,Dilan,Poulgreen,dpoulgreenk8@wired.com,Male,62.6.229.160
730,Artur,Boick,aboickk9@msu.edu,Male,21.253.10.132
731,Darda,Havock,dhavockka@latimes.com,Female,6.236.123.21
732,Armin,Muzzlewhite,amuzzlewhitekb@geocities.jp,Male,189.43.250.158
733,Amii,Aitchinson,aaitchinsonkc@vk.com,Female,86.40.249.212
734,Mia,Guilayn,mguilaynkd@amazon.de,Female,186.242.138.169
735,Cati,Horsburgh,chorsburghke@gravatar.com,Female,214.10.85.125
736,Shae,Jacobs,sjacobskf@webeden.co.uk,Female,23.58.224.121
737,Margette,Golston,mgolstonkg@addthis.com,Female,230.198.183.228
738,Nicol,Crickett,ncrickettkh@gizmodo.com,Male,201.251.118.123
739,Barnaby,Annies,bannieski@ameblo.jp,Male,101.219.5.121
740,Albertina,Ladson,aladsonkj@wordpress.org,Female,15.250.128.212
741,Corissa,Stronghill,cstronghillkk@mediafire.com,Female,87.100.224.71
742,Mahalia,Gerrietz,mgerrietzkl@networkadvertising.org,Female,120.122.159.101
743,Maddi,Hullock,mhullockkm@usatoday.com,Female,163.192.110.57
744,Colleen,Axten,caxtenkn@ftc.gov,Female,238.31.65.214
745,Phelia,Caddie,pcaddieko@symantec.com,Female,88.140.223.6
746,Nonnah,Wray,nwraykp@census.gov,Female,167.106.26.241
747,Yorgo,Klimmek,yklimmekkq@bing.com,Male,74.31.232.240
748,Cull,Cregan,ccregankr@barnesandnoble.com,Male,134.10.65.245
749,Querida,Foresight,qforesightks@smugmug.com,Female,111.220.114.209
750,Lelia,Giddins,lgiddinskt@pen.io,Female,10.143.174.19
751,Chanda,Courtin,ccourtinku@pinterest.com,Female,74.10.218.39
752,Chaddy,Jeannequin,cjeannequinkv@squarespace.com,Male,209.77.149.210
753,Haslett,Wilton,hwiltonkw@arstechnica.com,Male,75.207.193.84
754,Kelbee,Birtwhistle,kbirtwhistlekx@fotki.com,Male,94.10.209.221
755,Barclay,Dundon,bdundonky@quantcast.com,Male,56.75.53.103
756,Kaela,Simonard,ksimonardkz@accuweather.com,Female,138.189.3.180
757,Sarine,Trinkwon,strinkwonl0@opera.com,Female,118.64.11.185
758,Carson,Sankey,csankeyl1@yellowpages.com,Male,236.127.49.239
759,Shannon,Berrisford,sberrisfordl2@deviantart.com,Female,79.236.158.226
760,Evelin,Leere,eleerel3@cisco.com,Male,244.59.11.50
761,Matthias,Honnicott,mhonnicottl4@businessweek.com,Male,30.66.6.100
762,Harriett,Killough,hkilloughl5@un.org,Female,193.102.200.18
763,Gearard,Endley,gendleyl6@senate.gov,Male,165.21.195.164
764,George,Cripwell,gcripwelll7@technorati.com,Female,152.161.188.230
765,Moises,Widmore,mwidmorel8@statcounter.com,Male,4.7.7.193
766,Janith,Munsey,jmunseyl9@answers.com,Female,196.43.48.73
767,Hynda,Bassford,hbassfordla@dagondesign.com,Female,162.164.35.40
768,Beatrisa,Dresche,bdreschelb@auda.org.au,Female,231.60.137.57
769,Asia,Simmank,asimmanklc@unicef.org,Female,44.158.169.253
770,Leanor,Kyneton,lkynetonld@dedecms.com,Female,101.145.207.109
771,Prisca,Blaszkiewicz,pblaszkiewiczle@msu.edu,Female,32.101.144.133
772,Lark,MacKeogh,lmackeoghlf@cafepress.com,Female,135.98.148.134
773,Lola,Parkins,lparkinslg@va.gov,Female,187.223.226.126
774,Jeff,Acreman,jacremanlh@ibm.com,Male,209.5.163.136
775,Cordula,Skones,cskonesli@xrea.com,Female,25.220.31.136
776,Nana,Faithorn,nfaithornlj@bloomberg.com,Female,19.64.0.131
777,Axel,Setchell,asetchelllk@hostgator.com,Male,163.78.32.145
778,Abby,Sindle,asindlell@mozilla.com,Female,116.151.176.198
779,Constancia,Weinham,cweinhamlm@mysql.com,Female,190.204.231.24
780,Leoine,Drane,ldraneln@theguardian.com,Female,15.11.6.93
781,Ax,Traice,atraicelo@tripod.com,Male,252.243.184.63
782,Kirsti,Coldridge,kcoldridgelp@npr.org,Female,254.238.212.76
783,Biddie,Doherty,bdohertylq@wsj.com,Female,184.125.255.26
784,Dniren,Yatman,dyatmanlr@bravesites.com,Female,148.60.203.90
785,Cally,Philipps,cphilippsls@homestead.com,Female,181.4.101.246
786,Estele,Foucar,efoucarlt@artisteer.com,Female,239.185.52.53
787,Oralie,O'Donnelly,oodonnellylu@vistaprint.com,Female,150.7.37.133
788,Alastair,Eddins,aeddinslv@cisco.com,Male,27.197.138.58
789,Claretta,Connar,cconnarlw@aol.com,Female,217.47.75.246
790,Constanta,De Beneditti,cdebenedittilx@pbs.org,Female,131.140.211.126
791,Garland,Henric,ghenricly@paypal.com,Female,19.169.161.75
792,Irvine,Buttler,ibuttlerlz@china.com.cn,Male,156.250.162.228
793,Den,Kopelman,dkopelmanm0@globo.com,Male,84.213.160.90
794,Mel,Stoke,mstokem1@unc.edu,Female,40.121.230.137
795,Thorn,Rupprecht,trupprechtm2@ebay.com,Male,218.237.228.23
796,Mack,Tacon,mtaconm3@harvard.edu,Male,65.101.71.225
797,Thadeus,Lorenz,tlorenzm4@ucoz.ru,Male,215.83.225.110
798,Pammy,Finan,pfinanm5@mtv.com,Female,209.84.86.185
799,Bryce,Bristo,bbristom6@canalblog.com,Male,93.73.206.226
800,Byrann,MacAlroy,bmacalroym7@boston.com,Male,173.14.247.125
801,Melesa,Corkill,mcorkillm8@mapquest.com,Female,208.92.223.11
802,Jesse,Monketon,jmonketonm9@patch.com,Male,250.85.128.233
803,Addie,Riccetti,ariccettima@slashdot.org,Male,20.111.162.250
804,Vinson,Clapp,vclappmb@google.es,Male,146.13.28.114
805,Bartlet,Simonelli,bsimonellimc@buzzfeed.com,Male,29.0.185.21
806,Tybie,Creelman,tcreelmanmd@illinois.edu,Female,254.111.231.142
807,Standford,Shulem,sshulemme@virginia.edu,Male,196.197.118.43
808,Katherina,Lalor,klalormf@prweb.com,Female,194.200.236.24
809,Reynolds,Calken,rcalkenmg@twitter.com,Male,130.52.118.211
810,Ann-marie,Spottswood,aspottswoodmh@creativecommons.org,Female,150.68.192.143
811,Reilly,Potebury,rpoteburymi@adobe.com,Male,76.80.65.254
812,Garwood,Jumeau,gjumeaumj@alibaba.com,Male,201.197.4.50
813,Aidan,Bachman,abachmanmk@clickbank.net,Female,136.81.84.244
814,Davine,Sesons,dsesonsml@stanford.edu,Female,221.31.183.7
815,Symon,Redihalgh,sredihalghmm@disqus.com,Male,135.14.96.185
816,Dennie,Molian,dmolianmn@techcrunch.com,Female,99.18.32.104
817,Tiebout,Sowerbutts,tsowerbuttsmo@reuters.com,Male,243.193.102.84
818,Jackie,Halle,jhallemp@redcross.org,Male,121.239.138.222
819,Felecia,Bluschke,fbluschkemq@mashable.com,Female,51.37.144.169
820,Lutero,MacConnechie,lmacconnechiemr@godaddy.com,Male,194.111.96.140
821,Otha,De Miranda,odemirandams@lycos.com,Female,152.182.53.14
822,Dre,Ellam,dellammt@goo.ne.jp,Female,137.34.180.226
823,Sven,Grishaev,sgrishaevmu@cnbc.com,Male,26.113.226.152
824,Trumann,Coneybeer,tconeybeermv@unc.edu,Male,65.199.177.164
825,Beverly,Doak,bdoakmw@technorati.com,Female,98.45.198.47
826,Arny,Ayscough,aayscoughmx@loc.gov,Male,61.143.146.181
827,Goldia,Geroldini,ggeroldinimy@ezinearticles.com,Female,14.13.219.86
828,Masha,Munn,mmunnmz@dion.ne.jp,Female,128.191.188.238
829,Dulcea,Oxbe,doxben0@macromedia.com,Female,213.26.103.193
830,Adriano,Fairs,afairsn1@blinklist.com,Male,121.49.242.186
831,Shae,Cazin,scazinn2@state.tx.us,Female,118.62.166.131
832,Melisenda,Loveless,mlovelessn3@salon.com,Female,130.229.46.63
833,Kennan,Peterken,kpeterkenn4@go.com,Male,253.22.233.150
834,Leeann,Olenichev,lolenichevn5@ucla.edu,Female,99.223.64.116
835,Glen,Cooper,gcoopern6@canalblog.com,Male,9.150.33.84
836,Miguel,Shelmerdine,mshelmerdinen7@netlog.com,Male,68.186.195.120
837,Quint,Kristufek,qkristufekn8@so-net.ne.jp,Male,201.34.186.162
838,Lawry,Juzek,ljuzekn9@cnet.com,Male,116.234.183.52
839,Mohandis,Luther,mlutherna@people.com.cn,Male,232.91.181.43
840,Bern,Greasty,bgreastynb@mlb.com,Male,13.240.199.80
841,Ferrel,Godar,fgodarnc@vk.com,Male,237.82.95.166
842,Robin,Baudet,rbaudetnd@statcounter.com,Male,118.180.200.77
843,Annissa,Pickavant,apickavantne@clickbank.net,Female,214.86.20.162
844,Billie,Wesgate,bwesgatenf@cnet.com,Female,35.107.72.51
845,Blondelle,Ridgers,bridgersng@google.es,Female,34.153.6.156
846,Ofilia,Swansborough,oswansboroughnh@patch.com,Female,205.235.32.251
847,Vladimir,Lidden,vliddenni@europa.eu,Male,40.251.84.155
848,Dania,Dauncey,ddaunceynj@wikispaces.com,Female,51.200.49.124
849,Phip,Nettleship,pnettleshipnk@lycos.com,Male,187.169.174.224
850,Joella,Cubitt,jcubittnl@hibu.com,Female,172.37.116.110
851,Urbano,Gillbee,ugillbeenm@prweb.com,Male,224.46.229.79
852,Evan,Caffin,ecaffinnn@quantcast.com,Male,251.253.239.145
853,Kendell,Lodovichi,klodovichino@ihg.com,Male,24.159.7.251
854,Dickie,Coleshill,dcoleshillnp@discovery.com,Male,144.79.237.19
855,Fiorenze,Karpol,fkarpolnq@qq.com,Female,93.50.23.216
856,Hernando,Flowitt,hflowittnr@woothemes.com,Male,233.107.187.248
857,Agretha,McIlmorie,amcilmoriens@admin.ch,Female,85.153.208.34
858,Archy,Lamperti,alampertint@marriott.com,Male,178.188.198.247
859,Lindsay,Dubarry,ldubarrynu@flickr.com,Female,20.195.29.190
860,Demetris,Daelman,ddaelmannv@posterous.com,Female,76.170.144.108
861,Avigdor,Calam,acalamnw@lulu.com,Male,246.97.34.195
862,Esdras,Shane,eshanenx@cbsnews.com,Male,245.21.130.185
863,Celestyn,Billion,cbillionny@bing.com,Female,32.19.153.150
864,Porty,Instock,pinstocknz@eepurl.com,Male,69.4.231.181
865,Liesa,Marchington,lmarchingtono0@guardian.co.uk,Female,171.230.62.208
866,Waylan,Zellmer,wzellmero1@samsung.com,Male,15.149.227.52
867,Theda,Bollans,tbollanso2@sciencedirect.com,Female,137.114.21.15
868,Shayla,MacKissack,smackissacko3@pcworld.com,Female,15.134.205.70
869,Ramona,Croose,rcrooseo4@geocities.com,Female,157.1.243.138
870,Claribel,Oldmeadow,coldmeadowo5@hud.gov,Female,98.61.45.186
871,Elyn,Symmers,esymmerso6@cpanel.net,Female,148.70.55.119
872,Hersch,Malyj,hmalyjo7@csmonitor.com,Male,223.211.17.223
873,Annadiana,Trevear,atrevearo8@alexa.com,Female,33.86.93.85
874,Butch,Garaghan,bgaraghano9@360.cn,Male,64.30.82.106
875,Ortensia,Colebrook,ocolebrookoa@cpanel.net,Female,134.74.162.135
876,Germaine,Dmych,gdmychob@livejournal.com,Female,57.234.123.15
877,Kelli,Tammadge,ktammadgeoc@purevolume.com,Female,239.108.23.229
878,Winston,Coonihan,wcoonihanod@ted.com,Male,118.146.59.120
879,Kerk,Escot,kescotoe@free.fr,Male,136.245.196.95
880,Francois,Hawlgarth,fhawlgarthof@discovery.com,Male,57.114.167.82
881,Rollo,Girardoni,rgirardoniog@shop-pro.jp,Male,140.132.24.178
882,Kristal,Madgwick,kmadgwickoh@telegraph.co.uk,Female,252.224.162.75
883,Worth,Kyd,wkydoi@chron.com,Male,54.160.154.120
884,Spencer,Bertrand,sbertrandoj@phoca.cz,Male,161.135.49.236
885,Bastian,Edmonston,bedmonstonok@printfriendly.com,Male,44.50.209.223
886,Isa,MacCardle,imaccardleol@eepurl.com,Male,12.96.82.211
887,Virgie,Heazel,vheazelom@xinhuanet.com,Male,146.64.222.19
888,Melania,Relph,mrelphon@amazonaws.com,Female,80.147.165.204
889,Morgen,Pembery,mpemberyoo@usda.gov,Male,198.96.22.214
890,Betteanne,Currell,bcurrellop@fastcompany.com,Female,23.62.66.100
891,Pennie,Gaywood,pgaywoodoq@nyu.edu,Female,122.144.250.216
892,Evelyn,Tessyman,etessymanor@phpbb.com,Female,43.119.54.184
893,Enoch,Dods,edodsos@parallels.com,Male,148.206.245.77
894,Martelle,Antic,manticot@house.gov,Female,35.115.132.121
895,Abbe,Klimt,aklimtou@blinklist.com,Female,24.27.153.183
896,Saba,Colgrave,scolgraveov@bandcamp.com,Female,38.29.1.153
897,Jesse,Libbis,jlibbisow@cmu.edu,Male,190.2.200.216
898,Cody,Edmenson,cedmensonox@earthlink.net,Male,24.38.99.102
899,Dominick,Drabble,ddrabbleoy@wikia.com,Male,168.68.54.160
900,Bertie,Bodker,bbodkeroz@mail.ru,Female,228.75.204.153
901,Guido,Sprouls,gsproulsp0@51.la,Male,90.139.96.138
902,Sarah,Wilstead,swilsteadp1@nbcnews.com,Female,45.88.35.196
903,Helga,Molyneaux,hmolyneauxp2@alexa.com,Female,96.37.70.113
904,Ado,Blessed,ablessedp3@va.gov,Male,194.135.4.235
905,Hercules,Cowern,hcowernp4@europa.eu,Male,92.88.125.11
906,Gerik,Leverson,gleversonp5@oakley.com,Male,244.175.206.112
907,Addy,Murphy,amurphyp6@washington.edu,Male,222.137.181.239
908,Derrek,Lorrain,dlorrainp7@free.fr,Male,33.247.16.105
909,Heda,Cullivan,hcullivanp8@rediff.com,Female,181.74.212.1
910,Lucas,Kingescot,lkingescotp9@blogs.com,Male,41.174.164.203
911,Indira,Panther,ipantherpa@walmart.com,Female,63.19.247.120
912,Bo,Gerson,bgersonpb@yelp.com,Male,67.101.95.165
913,Kerby,Rapson,krapsonpc@howstuffworks.com,Male,213.58.38.163
914,Stanislaus,Hauck,shauckpd@opensource.org,Male,10.197.4.97
915,Henry,Kershow,hkershowpe@auda.org.au,Male,51.89.157.167
916,Leese,Lomax,llomaxpf@forbes.com,Female,162.236.55.131
917,Adey,Ragg,araggpg@wisc.edu,Female,89.245.105.135
918,Serge,Freire,sfreireph@fotki.com,Male,73.78.159.36
919,Laureen,Bafford,lbaffordpi@jugem.jp,Female,168.196.159.151
920,Crosby,Gauler,cgaulerpj@ning.com,Male,163.240.64.233
921,Aviva,Tart,atartpk@macromedia.com,Female,167.123.141.49
922,Bridget,Royson,broysonpl@freewebs.com,Female,77.68.105.206
923,Shanon,Suett,ssuettpm@t-online.de,Female,145.184.202.143
924,Gilberto,Paige,gpaigepn@bandcamp.com,Male,60.132.131.179
925,Orson,Loche,olochepo@microsoft.com,Male,255.124.106.221
926,Holly,Yvens,hyvenspp@kickstarter.com,Female,196.27.27.179
927,Janene,Yakobovicz,jyakoboviczpq@amazonaws.com,Female,221.208.64.242
928,Vivienne,Whyman,vwhymanpr@nyu.edu,Female,240.119.195.230
929,Marilee,Syalvester,msyalvesterps@bloglovin.com,Female,59.86.26.94
930,Ginevra,Ferrucci,gferruccipt@telegraph.co.uk,Female,78.19.77.237
931,Maude,Kubin,mkubinpu@people.com.cn,Female,117.60.52.220
932,Olivier,Drury,odrurypv@java.com,Male,77.131.175.160
933,Kassia,Felkin,kfelkinpw@wufoo.com,Female,98.66.110.155
934,Dre,Van de Vlies,dvandevliespx@ibm.com,Female,199.92.250.74
935,Jess,Carter,jcarterpy@twitpic.com,Male,71.28.76.165
936,Grenville,Mingauld,gmingauldpz@paypal.com,Male,244.34.90.218
937,Baron,Yurmanovev,byurmanovevq0@ehow.com,Male,45.28.139.19
938,Virgil,Escoffrey,vescoffreyq1@arstechnica.com,Male,83.223.6.44
939,Georgeta,Linn,glinnq2@wikia.com,Female,135.172.46.152
940,Beitris,Athow,bathowq3@surveymonkey.com,Female,183.178.3.163
941,Barris,Wase,bwaseq4@accuweather.com,Male,180.239.10.127
942,Allissa,Weber,aweberq5@samsung.com,Female,226.57.214.27
943,Andy,Cayle,acayleq6@adobe.com,Male,119.67.218.1
944,Gennie,Jandl,gjandlq7@bbb.org,Female,63.71.209.165
945,Donny,Tourot,dtourotq8@google.es,Male,251.153.184.255
946,Kim,Ather,katherq9@plala.or.jp,Female,101.53.99.63
947,Ricca,Pennino,rpenninoqa@cornell.edu,Female,186.121.60.172
948,Salvador,Hourston,shourstonqb@fema.gov,Male,7.18.161.121
949,Elbertina,Glanton,eglantonqc@a8.net,Female,45.108.97.229
950,Jamal,Donaher,jdonaherqd@wikispaces.com,Male,96.77.18.227
951,Anthiathia,Dunniom,adunniomqe@t.co,Female,66.91.13.114
952,Dotti,Gooden,dgoodenqf@1688.com,Female,93.15.195.250
953,Renado,Naile,rnaileqg@bbb.org,Male,89.112.217.77
954,Humfried,Leijs,hleijsqh@ycombinator.com,Male,157.60.122.97
955,Damien,Clericoates,dclericoatesqi@time.com,Male,153.145.39.191
956,Fleur,Coston,fcostonqj@netscape.com,Female,82.87.187.35
957,Norbert,Dencs,ndencsqk@webs.com,Male,108.134.2.131
958,Denny,Ketcher,dketcherql@devhub.com,Male,43.12.174.193
959,Gareth,Ebbing,gebbingqm@ocn.ne.jp,Male,159.58.209.144
960,Hubie,Birtwhistle,hbirtwhistleqn@oakley.com,Male,7.17.115.50
961,Clio,Torra,ctorraqo@csmonitor.com,Female,212.156.236.134
962,Fanchette,Keese,fkeeseqp@un.org,Female,164.236.149.69
963,Noby,Iacovacci,niacovacciqq@altervista.org,Male,249.214.17.39
964,Mei,Milward,mmilwardqr@webnode.com,Female,198.24.67.111
965,Jerrie,McGarvey,jmcgarveyqs@independent.co.uk,Male,154.115.93.213
966,Karlik,Tremoulet,ktremouletqt@trellian.com,Male,98.95.124.255
967,Aluin,Lavallin,alavallinqu@gnu.org,Male,147.89.211.22
968,Herbie,Sabine,hsabineqv@furl.net,Male,194.164.255.214
969,Paul,Aveyard,paveyardqw@examiner.com,Male,154.64.208.5
970,Anabel,Cluney,acluneyqx@cbc.ca,Female,248.65.197.58
971,Thomasa,Penniall,tpenniallqy@pagesperso-orange.fr,Female,223.32.89.40
972,Bernadina,McIlherran,bmcilherranqz@ucoz.ru,Female,154.81.30.102
973,Irvine,Idwal Evans,iidwalevansr0@japanpost.jp,Male,7.119.80.209
974,Robyn,Mattecot,rmattecotr1@utexas.edu,Female,46.214.82.70
975,Rafferty,Grund,rgrundr2@va.gov,Male,222.11.179.86
976,Amabel,Sheehan,asheehanr3@ocn.ne.jp,Female,255.177.191.223
977,Celestyn,Hamlin,chamlinr4@mysql.com,Female,12.203.20.188
978,Marje,Ower,mowerr5@indiatimes.com,Female,204.141.130.136
979,Estrella,Dybbe,edybber6@vinaora.com,Female,243.223.75.48
980,Giulia,McAughtry,gmcaughtryr7@naver.com,Female,253.213.32.175
981,Olympe,Rogerot,orogerotr8@blogs.com,Female,77.89.4.25
982,Maurie,Jaynes,mjaynesr9@soundcloud.com,Male,227.252.251.198
983,Byrann,Ybarra,bybarrara@unicef.org,Male,212.42.1.159
984,Lavina,Rauprich,lrauprichrb@storify.com,Female,26.114.241.22
985,Joy,Borer,jborerrc@icq.com,Female,225.42.103.246
986,Tripp,Garretson,tgarretsonrd@theatlantic.com,Male,39.72.188.104
987,Daron,Rothermel,drothermelre@twitpic.com,Male,250.170.92.242
988,Delano,Pettie,dpettierf@issuu.com,Male,4.204.213.86
989,Meagan,McNeill,mmcneillrg@ed.gov,Female,82.229.226.198
990,Mathias,Cona,mconarh@nba.com,Male,209.153.237.16
991,Ricky,Vatcher,rvatcherri@webeden.co.uk,Female,14.87.142.209
992,Towny,Dell'Abbate,tdellabbaterj@about.com,Male,218.127.209.111
993,Wynn,Woolbrook,wwoolbrookrk@ibm.com,Female,152.141.52.8
994,Ailey,Doget,adogetrl@ft.com,Female,165.52.33.0
995,Rosy,Steiner,rsteinerrm@slashdot.org,Female,201.86.127.45
996,Deana,Franek,dfranekrn@foxnews.com,Female,146.127.37.251
997,Mychal,Sidnell,msidnellro@xing.com,Male,181.59.151.111
998,Tris,Jantzen,tjantzenrp@prnewswire.com,Male,251.56.210.184
999,Ortensia,Quaintance,oquaintancerq@ebay.com,Female,112.24.82.188
1000,Hillary,Stamps,hstampsrr@de.vu,Male,159.31.9.135
